tt0136517,Seven Days of Grace,"3,4",NO DATA
tt0166871,Viúva Rica Solteira Não Fica,"6,7",NO DATA
tt0206634,Children of Men,"7,9",92
tt0260042,False Prophets,"6,3",NO DATA
tt0259822,.45,"5,5",38
tt0266732,Love Is the Drug,"5,5",60
tt0275258,Mothers and Daughters,"5,2",34
tt0284363,Obsluhoval jsem anglického krále,"7,3",86
tt0288476,Chile 672,"5,9",NO DATA
tt0296604,Down the Road,"7,7",NO DATA
tt0302545,An Existential Affair,"4,0",NO DATA
tt0308055,Bobby,"7,0",42
tt0311862,Statistics,"5,8",52
tt0314186,Humko Tumse Pyaar Hai,"5,3",82
tt0321858,30 Days,"3,9",NO DATA
tt0323120,Loving Annabelle,"6,3",NO DATA
tt0325011,"Arrivederci amore, ciao","6,9",77
tt0328179,Neil's Party,"4,9",NO DATA
tt0329239,Jeonjaeng geu ihu,"6,4",15
tt0337609,Detroit,"5,4",20
tt0339756,Sweet Deadly Dreams,"6,1",NO DATA
tt0339382,Meteoro,"6,1",NO DATA
tt0345228,Open Window,"6,1",20
tt0343737,The Good Shepherd,"6,7",NO DATA
tt0350183,Tajnata kniga,"7,2",7
tt0349467,Freedomland,"5,2",24
tt0353357,Day of Wrath,"5,4",25
tt0353667,Der Liebeswunsch,"5,7",5
tt0354131,Year One,"5,0",26
tt0354899,La science des rêves,"7,2",NO DATA
tt0359353,Darklovestory,"7,2",7
tt0358924,Agua,"6,0",NO DATA
tt0361786,Stvar srca,"5,3",15
tt0360323,10th & Wolf,"6,3",NO DATA
tt0362225,Ne le dis à personne,"7,5",93
tt0362993,The Deep and Dreamless Sleep,"7,5",NO DATA
tt0364745,Whirlygirl,"5,6",NO DATA
tt0364955,Art School Confidential,"6,3",36
tt0367027,Shortbus,"6,4",69
tt0367567,Sea of Dreams,"6,1",43
tt0366180,Stalin,"6,0",NO DATA
tt0368863,Mi fiesta de casamiento,"7,8",NO DATA
tt0370893,Lirkod,"5,6",NO DATA
tt0373900,Rampage: The Hillside Strangler Murders,"4,3",NO DATA
tt0373999,Libertas,"5,0",5
tt0375154,Tristan + Isolde,"6,8",32
tt0378816,Stripped Down,"5,3",53
tt0377904,Anime veloci,"6,0",NO DATA
tt0377320,A-List,"5,8",NO DATA
tt0381053,The Naked Ape,"4,5",43
tt0383478,Love Comes to the Executioner,"5,3",NO DATA
tt0382765,Jindabyne,"6,3",65
tt0384798,Aimee Semple McPherson,"4,8",NO DATA
tt0384814,Ask the Dust,"5,7",35
tt0385757,El destino,"6,0",38
tt0385726,Glory Road,"7,2",55
tt0387877,The Black Dahlia,"5,6",32
tt0386486,Ghost Hunters: Point of Contact,"4,1",7
tt0390245,Matti,"5,9",26
tt0389860,Click,"6,4",34
tt0389557,Zwartboek,"7,7",7
tt0391488,Le temps des porte-plumes,"6,1",4
tt0391788,Bekarov Yikre Lekha Mashehu Tov,"5,7",NO DATA
tt0392883,Valley of Flowers,"6,9",71
tt0393297,Forget About It,"4,6",18
tt0393813,Sportman van de Eeuw,"6,8",4
tt0395269,Sk8 Life,"5,9",NO DATA
tt0395119,Alatriste,"6,1",NO DATA
tt0395495,Catch and Release,"5,9",22
tt0396171,Perfume: The Story of a Murderer,"7,5",59
tt0396575,Egyetleneim,"5,8",NO DATA
tt0396476,Backwaters,"4,0",NO DATA
tt0397313,Eight Below,"7,3",73
tt0397551,My Bollywood Bride,"4,8",NO DATA
tt0398842,The Celestine Prophecy,"4,8",4
tt0398029,The Last Drop,"4,5",NO DATA
tt0399110,Grad Night,"1,8",NO DATA
tt0399497,Avril,"6,9",NO DATA
tt0400717,Open Season,"6,1",49
tt0401711,"Paris, je t'aime","7,2",86
tt0401445,A Good Year,"6,9",26
tt0402874,Bumer: Film vtoroy,"6,1",75
tt0402505,Sólo Dios sabe,"6,6",NO DATA
tt0402763,Americanese,"5,3",67
tt0404390,Running Scared,"7,3",41
tt0403407,Perfect Creature,"5,4",5
tt0405508,Rang De Basanti,"8,1",89
tt0405632,The Absence of Light,"2,1",NO DATA
tt0405296,A Scanner Darkly,"7,0",68
tt0404163,Even Money,"5,8",35
tt0404203,Little Children,"7,5",NO DATA
tt0404222,Maria an Callas,"6,3",NO DATA
tt0405676,All the King's Men,"6,1",12
tt0405336,Southland Tales,"5,3",41
tt0405094,Das Leben der Anderen,"8,4",92
tt0405445,Vestido de Noiva,"5,8",NO DATA
tt0406850,The House,"6,6",NO DATA
tt0406816,The Guardian,"6,9",37
tt0407814,Full Grown Men,"4,9",44
tt0407887,The Departed,"8,5",91
tt0407867,A herceg haladéka,"6,1",NO DATA
tt0407702,Az élet vendége: Csoma-legendárium,"7,8",NO DATA
tt0408740,Elsa Letterseed,"7,4",NO DATA
tt0409793,Cargo,"5,0",19
tt0409962,Last Sunset,"4,3",NO DATA
tt0410403,Only the Brave,"5,3",49
tt0410730,Taxidermia,"6,8",81
tt0409681,The Alibi,"6,3",NO DATA
tt0410056,A través de tus ojos,"6,7",NO DATA
tt0410297,The Lake House,"6,8",35
tt0410757,Threat,"4,9",NO DATA
tt0410751,Thanks to Gravity,"5,3",NO DATA
tt0411935,Tall Trees,"7,9",22
tt0411204,Cactuses,"7,3",NO DATA
tt0412637,Delirious,"6,4",29
tt0412798,Half Light,"6,0",29
tt0412572,Chaos,"5,5",60
tt0412808,The Hawk Is Dying,"5,8",30
tt0414993,The Fountain,"7,2",NO DATA
tt0415964,Fuera del cielo,"5,7",67
tt0414853,Barnyard,"5,6",67
tt0416111,Peregon,"6,3",NO DATA
tt0416219,Shifted,"6,2",NO DATA
tt0416213,Sehnsucht,"6,6",NO DATA
tt0416449,300,"7,6",61
tt0416737,La fiamma sul ghiaccio,"6,7",NO DATA
tt0416871,Jadesoturi,"5,8",NO DATA
tt0417225,Idlewild,"6,1",47
tt0417477,Behind the Smile,"6,3",NO DATA
tt0417046,Gymnaslærer Pedersen,"5,7",NO DATA
tt0417433,Annapolis,"5,8",10
tt0417614,Dreamland,"6,3",22
tt0417871,Klimt,"5,1",32
tt0418115,Der rote Kakadu,"6,7",NO DATA
tt0418020,The Novice,"6,0",43
tt0419146,En soap,"6,4",55
tt0419626,El carnaval de Sodoma,"6,1",NO DATA
tt0419073,Princess,"6,8",93
tt0419468,Baabul,"5,4",71
tt0418880,Mere Jeevan Saathi,"3,4",NO DATA
tt0420609,Infamous,"7,0",18
tt0420550,Christmas at Maxwell's,"4,5",NO DATA
tt0420835,Opal Dream,"6,5",69
tt0418294,The Virgin of Juarez,"4,7",40
tt0418451,5up 2down,"5,3",75
tt0417909,Living the Dream,"3,6",NO DATA
tt0420265,"Find Her, Keep Her",NO DATA,NO DATA
tt0420087,A Prairie Home Companion,"6,7",NO DATA
tt0418689,Flags of Our Fathers,"7,1",73
tt0418657,Goldene Zeiten,"6,3",NO DATA
tt0418985,Les oiseaux du ciel,"6,5",NO DATA
tt0419815,Holly,"6,8",52
tt0418879,Memory,"5,2",89
tt0419491,Believe in Me,"7,0",60
tt0418835,Little Fugitive,"5,6",40
tt0419749,Find Me Guilty,"7,0",63
tt0419396,"Sexo, amor y otras perversiones","5,6",NO DATA
tt0419081,Psychopathia Sexualis,"3,7",23
tt0418982,Offscreen,"6,4",62
tt0420223,Stranger Than Fiction,"7,5",73
tt0419639,Chloe's Prayer,"7,7",NO DATA
tt0419286,Zooey,"5,9",38
tt0419946,The Marine,"4,7",17
tt0419963,Mezcal,"6,7",NO DATA
tt0421244,Screaming Blue Murder,"6,2",NO DATA
tt0421116,Alpha Male,"5,5",NO DATA
tt0421539,9/Tenths,"5,1",NO DATA
tt0420757,Man About Town,"5,5",38
tt0421206,Gridiron Gang,"7,1",43
tt0421061,The Gold Bracelet,"8,3",NO DATA
tt0422366,The Guatemalan Handshake,"5,9",71
tt0422479,Intellectual Property,"5,4",NO DATA
tt0422399,Hard Scrambled,"6,7",71
tt0422295,Fur: An Imaginary Portrait of Diane Arbus,"6,3",NO DATA
tt0422764,Moreno & tystnaden,"5,8",NO DATA
tt0422720,Marie Antoinette,"6,5",58
tt0422963,La piste,"5,5",NO DATA
tt0423232,Sonhos de Peixe,"6,4",NO DATA
tt0422861,The Oh in Ohio,"5,5",NO DATA
tt0423372,El Cortez,"5,3",NO DATA
tt0423169,Sherrybaby,"6,6",NO DATA
tt0425210,Lucky Number Slevin,"7,7",52
tt0424992,Emmas Glück,"7,2",6
tt0425610,Vadakkum Nathan,"6,5",NO DATA
tt0425478,American Blend,"6,2",NO DATA
tt0424867,Bristol Boys,"5,6",NO DATA
tt0424938,Karla,"5,4",NO DATA
tt0425359,Pope Dreams,"6,7",63
tt0425069,God's Waiting List,"5,1",20
tt0425558,Tre,"4,7",26
tt0425198,Little Box of Sweets,"6,7",50
tt0425648,Whitepaddy,"5,5",90
tt0424107,The Garage,"4,8",77
tt0425094,Heavens Fall,"6,6",62
tt0425253,Mini's First Time,"5,8",54
tt0426490,In,"6,0",71
tt0425087,The Hard Easy,"5,6",35
tt0425321,Omaret yakobean,"7,5",15
tt0425985,Les filles du botaniste,"6,6",87
tt0426462,Fifty Pills,"4,9",33
tt0425326,Outsourced,"7,0",NO DATA
tt0426613,Unspoken,"5,7",NO DATA
tt0425235,Drømmen,"7,2",NO DATA
tt0425132,Inside,"5,3",98
tt0425357,The Pleasure Drivers,"4,3",54
tt0424863,The Book of Revelation,"5,3",69
tt0424908,Copying Beethoven,"6,7",NO DATA
tt0425151,Jimmy and Judy,"5,8",NO DATA
tt0424880,Candy,"7,2",56
tt0426501,Johnny Was,"5,5",46
tt0426883,Alpha Dog,"6,9",55
tt0427461,In ascolto,"6,2",NO DATA
tt0427969,Hollywoodland,"6,5",68
tt0428541,Five Fingers,"6,3",55
tt0428765,The Legend of Lucy Keyes,"4,7",24
tt0430768,Wild Tigers I Have Known,"6,0",67
tt0431124,Hollywood Dreams,"4,6",40
tt0429727,Il caimano,"6,7",39
tt0430589,Shaadi Karke Phas Gaya Yaar,"4,0",57
tt0429187,Toute la beauté du monde,"4,6",NO DATA
tt0430001,The Death of Poe,"6,1",NO DATA
tt0429609,Así del precipicio,"5,0",52
tt0430912,Basic Instinct 2,"4,4",6
tt0429068,The Second Chance,"6,4",44
tt0430051,Elementarteilchen,"6,6",NO DATA
tt0430193,Hope & a Little Sugar,"7,0",NO DATA
tt0429277,Zyzzyx Rd,"3,8",NO DATA
tt0430674,The Thief Lord,"5,9",50
tt0430634,Stick It,"6,4",32
tt0430592,Wild Romance,"6,5",NO DATA
tt0430357,Miami Vice,"6,0",47
tt0430431,One Night with the King,"6,0",20
tt0431058,Fatwa,"3,8",20
tt0432289,First Snow,"6,2",58
tt0432402,Factory Girl,"6,4",100
tt0431321,La perrera,"5,8",NO DATA
tt0430984,Dark Heart,"4,2",NO DATA
tt0430779,Everyone's Hero,"5,7",41
tt0433350,Boy Culture,"6,8",NO DATA
tt0433686,Nachtrit,"6,8",NO DATA
tt0433549,El don de la duda,"4,3",NO DATA
tt0432855,The Way Back Home,"5,7",NO DATA
tt0433416,The Namesake,"7,5",85
tt0433405,Land of the Blind,"6,4",NO DATA
tt0433624,Il regista di matrimoni,"6,2",NO DATA
tt0433398,Journey from the Fall,"7,2",NO DATA
tt0433364,December Ends,"7,2",NO DATA
tt0434215,Flicka,"6,0",54
tt0435751,The Still Life,"4,7",NO DATA
tt0436331,Friends with Money,"5,8",72
tt0434139,The Last Kiss,"6,4",46
tt0434541,Macbeth,"4,6",49
tt0435680,Kidulthood,"6,7",77
tt0436216,De particulier à particulier,"5,1",NO DATA
tt0436062,El amor y la ciudad,"4,2",NO DATA
tt0435517,Volando voy,"6,3",NO DATA
tt0436343,The Garden,"4,6",26
tt0436013,Die Österreichische Methode,"5,1",4
tt0436460,Kiss Me Again,"4,9",4
tt0436697,The Queen,"7,3",97
tt0437182,Family: Ties of Blood,"5,7",50
tt0437459,Rollin' with the Nines,"5,4",74
tt0437450,Ra Choi,"7,0",NO DATA
tt0437232,Catch a Fire,"6,7",74
tt0437777,Something New,"6,6",61
tt0437545,Welcome Back to the Barrio,"6,7",NO DATA
tt0437691,L'équilibre de la terreur,"7,1",NO DATA
tt0437800,Akeelah and the Bee,"7,4",86
tt0437888,Brutal,"5,0",87
tt0438204,Mad Cowgirl,"4,6",33
tt0438986,Gakseoltang,"6,5",NO DATA
tt0438053,Gente comun,"4,6",NO DATA
tt0439860,Tu vida en 65',"6,8",NO DATA
tt0439848,These Foolish Things,"5,4",NO DATA
tt0439179,Fat Girls,"5,0",32
tt0439885,Wu Qingyuan,"6,1",NO DATA
tt0439662,Fanaa,"7,1",100
tt0438329,Noel: Poeta da Vila,"6,7",NO DATA
tt0439654,Jopog manura 3,"6,3",59
tt0438296,Push,"4,4",31
tt0439581,Gadkie lebedi,"6,9",NO DATA
tt0439833,Steel City,"6,3",83
tt0438315,Peaceful Warrior,"7,2",25
tt0439289,Running with Scissors,"6,1",32
tt0441762,Ein Freund von mir,"6,9",NO DATA
tt0441633,Riisuttu mies,"5,7",NO DATA
tt0441774,Lonely Hearts,"6,4",48
tt0440961,Beautiful Dreamer,"6,0",6
tt0440978,Strajk - Die Heldin von Danzig,"6,8",87
tt0441818,A Woman in Winter,"5,6",NO DATA
tt0441909,Volver,"7,6",91
tt0442236,Fuga,"6,3",50
tt0443354,Écoute le temps,"5,8",3
tt0443543,The Illusionist,"7,5",NO DATA
tt0444112,Fauteuils d'orchestre,"6,7",74
tt0443455,Brand Upon the Brain! A Remembrance in 12 Chapters,"7,3",NO DATA
tt0446407,Mulheres do Brasil,"6,8",NO DATA
tt0444648,Punk Love,"5,5",73
tt0444418,Selon Charlie,"5,1",93
tt0442781,Varalaaru,"7,3",NO DATA
tt0443527,The Hamiltons,"5,0",NO DATA
tt0443512,Forgiving the Franklins,"6,2",60
tt0443448,O Jerusalem,"6,0",36
tt0445853,Zuo tou,"4,6",4
tt0444415,Return to Rajapur,"6,0",67
tt0443604,"Paradise, Texas","5,8",NO DATA
tt0444182,Indigènes,"7,0",NO DATA
tt0446458,Sans elle,"5,6",NO DATA
tt0444641,Halim,"5,9",92
tt0446442,Quelques jours en septembre,"5,2",NO DATA
tt0443456,Breaking and Entering,"6,5",34
tt0446370,Mon fils à moi,"6,7",4
tt0444915,Tathastu,"4,5",NO DATA
tt0443489,Dreamgirls,"6,6",79
tt0443686,Urban Scarecrow,"7,4",NO DATA
tt0444631,Forgiven,"6,5",60
tt0444284,Müetter,"5,9",NO DATA
tt0444341,Komma,"6,0",NO DATA
tt0447301,The Memsahib,"6,6",20
tt0446298,Civic Duty,"6,2",96
tt0446687,Driving Lessons,"6,6",48
tt0446771,Red Ridge,"4,2",NO DATA
tt0446046,Take the Lead,"6,6",44
tt0444840,Humko Deewana Kar Gaye,"5,2",72
tt0445691,Salvador (Puig Antich),"7,2",NO DATA
tt0445946,The Contract,"5,6",28
tt0445035,Nail Polish,"6,8",NO DATA
tt0446059,Huo Yuan Jia,"7,6",73
tt0447619,Le Concile de Pierre,"4,8",NO DATA
tt0448119,Sin ti,"6,9",NO DATA
tt0448166,Two Weeks,"6,4",19
tt0445960,Eréndira la indomable,"6,9",NO DATA
tt0446755,The Painted Veil,"7,4",74
tt0449303,Kráska v nesnázích,"6,8",NO DATA
tt0445990,Invincible,"7,0",72
tt0448239,Offset,"5,9",30
tt0448149,Things That Hang from Trees,"5,3",21
tt0447496,Tramvay,"5,8",NO DATA
tt0448075,The Night Listener,"5,9",40
tt0448131,La stella che non c'è,"6,7",NO DATA
tt0448124,Snow Cake,"7,4",65
tt0447918,Mare nero,"4,3",NO DATA
tt0450784,L'homme qui rêvait d'un enfant,"6,6",NO DATA
tt0450972,As You Like It,"6,1",36
tt0450340,Unknown,"6,4",38
tt0448400,Rohtenburg,"5,2",NO DATA
tt0450836,Una rosa de Francia,"5,3",7
tt0449189,Banaras,"6,1",NO DATA
tt0448251,Running Springs,"5,2",NO DATA
tt0449851,La doublure,"6,6",NO DATA
tt0449318,Miriam,"7,3",14
tt0448564,Irresistible,"5,7",20
tt0451271,Running Out of Time in Hollywood,"8,8",8
tt0452003,The Bet,"5,5",93
tt0452011,The Conclave,"6,5",NO DATA
tt0450680,Flandres,"6,5",NO DATA
tt0450259,Blood Diamond,"8,0",NO DATA
tt0449467,Babel,"7,5",69
tt0449031,Halal Harry,"5,1",NO DATA
tt0449059,Little Miss Sunshine,"7,8",91
tt0451166,Premium,"5,7",88
tt0449999,Kabhi Alvida Naa Kehna,"6,0",58
tt0450121,Rosso come il cielo,"7,7",97
tt0449959,Grounding - Die letzten Tage der Swissair,"6,9",60
tt0449607,Lettere dal Sahara,"6,8",NO DATA
tt0449570,Buddha Wild: Monk in a Hut,"5,6",NO DATA
tt0451135,My Brother,"5,1",47
tt0450506,Suburban Mayhem,"5,8",20
tt0450140,The End of Silence,"5,6",46
tt0451176,Quinceañera,"7,0",87
tt0450440,Ik omhels je met 1000 armen,"6,6",NO DATA
tt0451102,The Lost,"5,8",83
tt0450232,16 Blocks,"6,6",55
tt0451221,The Elephant King,"6,2",70
tt0451232,Time and Tide,"6,8",100
tt0451264,The Waiters,"6,4",NO DATA
tt0452780,Les fragments d'Antonin,"7,0",7
tt0453194,Remake,"6,3",33
tt0452634,In a Day,"6,8",NO DATA
tt0452701,Undoing,"4,3",NO DATA
tt0455861,Wie Licht schmeckt,"5,6",NO DATA
tt0452633,Komm näher,"7,0",7
tt0452180,Krojaceva tajna,"2,8",NO DATA
tt0452624,The Good German,"6,0",NO DATA
tt0452345,No. 2,"6,5",58
tt0452643,Love and Other Disasters,"6,1",NO DATA
tt0452594,The Break-Up,"5,8",34
tt0452971,Azuloscurocasinegro,"7,1",NO DATA
tt0452943,Amor en defensa propia,"6,7",NO DATA
tt0453376,Kardia,"5,0",NO DATA
tt0454536,La raison du plus faible,"6,8",NO DATA
tt0454482,January 2nd,"7,0",7
tt0454932,Roman,"5,4",40
tt0455537,The House of Usher,"3,9",23
tt0456111,La noche de los girasoles,"7,1",NO DATA
tt0452637,Lady in the Water,"5,5",25
tt0455958,The Groomsmen,"6,0",53
tt0455841,Ways of the Flesh,"4,3",NO DATA
tt0454235,Pura sangre,"6,8",NO DATA
tt0454824,Flyboys,"6,5",33
tt0455853,When I Find the Ocean,"4,3",46
tt0456144,Lage Raho Munna Bhai,"8,0",90
tt0455612,Madea's Family Reunion,"5,3",26
tt0454096,Caterpillar Wish,"6,7",58
tt0455957,Goya's Ghosts,"6,9",30
tt0456287,Arena en los bolsillos,"5,9",NO DATA
tt0454879,Journey to the End of the Night,"5,7",NO DATA
tt0456020,Waist Deep,"5,8",28
tt0456467,Un mundo maravilloso,"6,8",74
tt0454396,Aryan: Unbreakable,"4,4",30
tt0454602,Fair Play,"6,2",NO DATA
tt0455988,The Elder Son,"5,5",NO DATA
tt0456481,Jaan-E-Mann: Let's Fall in Love... Again,"6,1",NO DATA
tt0454429,Chingaari,"4,7",60
tt0454848,Inside Man,"7,6",86
tt0454921,The Pursuit of Happyness,"8,0",NO DATA
tt0455149,Lost and Found,"4,0",7
tt0456698,Va a ser que nadie es perfecto,"5,8",NO DATA
tt0457024,Knyaz Vladimir. Film pervyy,"6,7",NO DATA
tt0454931,Requiem,"6,9",86
tt0454776,Amazing Grace,"7,4",NO DATA
tt0455590,The Last King of Scotland,"7,6",87
tt0454814,Drawn in Blood,"5,7",NO DATA
tt0455948,Eve of Understanding,"4,6",NO DATA
tt0455942,The Elk Hotel,"5,5",NO DATA
tt0455978,Midnight Money,"8,4",NO DATA
tt0455933,Dead Man's Cards,"5,3",50
tt0457297,The Butterfly Effect 2,"4,5",27
tt0457201,New York Waiting,"6,3",64
tt0456041,Anche libero va bene,"7,4",NO DATA
tt0457430,El laberinto del fauno,"8,2",95
tt0457302,Choking Man,"5,9",NO DATA
tt0457418,Amor xtremo,"4,4",NO DATA
tt0457488,The Standard,"6,4",83
tt0457936,Hell,"4,9",67
tt0458386,Haunting Villisca,"6,5",NO DATA
tt0458352,The Devil Wears Prada,"6,9",75
tt0458017,Mixed Doubles,"6,5",67
tt0457523,Walker Payne,"6,0",NO DATA
tt0457323,Down the P.C.H.,"4,4",NO DATA
tt0457308,Come Early Morning,"6,2",5
tt0457642,98 Octanas,"4,4",NO DATA
tt0458242,Laitakaupungin valot,"6,8",NO DATA
tt0458509,Turn Left,"1,9",NO DATA
tt0457807,El boquete,"5,6",NO DATA
tt0457655,Efter brylluppet,"7,7",87
tt0458203,When I Find Bin Laden,"7,2",NO DATA
tt0458367,Right at Your Door,"6,0",69
tt0459116,Nachbeben,"6,7",NO DATA
tt0458522,El cantante,"5,5",25
tt0457572,Fido,"6,7",72
tt0458072,Provoked: A True Story,"6,4",28
tt0459471,Mrs.,"6,4",69
tt0459438,Ladrones y mentirosos,"6,5",64
tt0459516,Pudhu Pettai,"8,5",89
tt0459412,Les irréductibles,"5,5",5
tt0460034,Transe,"6,1",NO DATA
tt0460012,Svolochi,"6,0",6
tt0460792,Fast Food Nation,"6,3",NO DATA
tt0460342,Toi et moi,"5,6",NO DATA
tt0460791,The Fall,"7,8",62
tt0460037,El triunfo,"6,7",NO DATA
tt0459885,Lili et le baobab,"6,8",NO DATA
tt0460829,Inland Empire,"6,8",72
tt0459502,Les petites vacances,"6,4",NO DATA
tt0459880,Lady Chatterley,"6,7",NO DATA
tt0461062,Holiday,"4,4",50
tt0459877,Kuldrannake,"4,6",NO DATA
tt0460484,Kiltro,"5,5",50
tt0460902,Played,"4,3",11
tt0459961,La bicicleta,"5,8",NO DATA
tt0460740,Cashback,"7,1",47
tt0460611,The Work and the Glory III: A House Divided,"6,2",80
tt0460848,Life and Lyrics,"5,3",64
tt0460480,Juventude em Marcha,"6,9",NO DATA
tt0460703,Aces,"2,8",20
tt0460925,The Sasquatch Gang,"6,2",NO DATA
tt0460492,Der letzte Zug,"6,6",80
tt0460812,Griffin & Phoenix,"6,9",NO DATA
tt0460985,Voyeur,"4,3",NO DATA
tt0461200,Dhadkanein,"4,8",NO DATA
tt0461323,Pyare Mohan,"3,4",38
tt0460989,The Wind that Shakes the Barley,"7,5",90
tt0462200,Black Snake Moan,"6,9",66
tt0462338,The Hoax,"6,7",42
tt0462392,LOL,"4,7",100
tt0462373,Joy Division,"6,0",100
tt0462033,Stranded,"6,8",33
tt0462590,Step Up,"6,5",21
tt0463486,L'ivresse du pouvoir,"6,3",NO DATA
tt0463287,La belle bête,"5,6",NO DATA
tt0461653,The Payback,"5,4",NO DATA
tt0461813,A Mind of Her Own,"5,1",56
tt0462419,The Memorial Counselor,"6,7",NO DATA
tt0462573,Tomorrow Is Today,"7,1",NO DATA
tt0461694,Vier Minuten,"7,3",NO DATA
tt0462683,L'homme de sa vie,"6,6",NO DATA
tt0462571,The Tillamook Treasure,"4,9",NO DATA
tt0462264,Drifting Elegant,"7,3",NO DATA
tt0462421,Mentor,"6,0",18
tt0463283,"Antonio Vivaldi, un prince à Venise","4,4",2
tt0464098,Loren Cass,"5,0",69
tt0463312,Sök,"4,8",NO DATA
tt0462690,Le lièvre de Vatanen,"5,1",NO DATA
tt0463385,Un dimanche à Kigali,"7,2",NO DATA
tt0462594,Verschwinden,"6,7",NO DATA
tt0462498,Quarter Life Crisis,"3,6",10
tt0462242,El custodio,"6,5",NO DATA
tt0462579,The Treatment,"5,8",68
tt0462230,Cobrador: In God We Trust,"5,7",55
tt0461970,Invisible Waves,"6,5",61
tt0464086,"Lenexa, 1 Mile","5,6",56
tt0465146,Animals ferits,"4,8",NO DATA
tt0463381,Transylvania,"6,7",NO DATA
tt0463298,Cuando rompen las olas,"6,6",NO DATA
tt0464320,Wild Seven,"3,9",14
tt0465241,Le passager de l'été,"6,3",NO DATA
tt0465407,Eye of the Dolphin,"5,6",NO DATA
tt0465376,Aisa Kyon Hota Hai?,"3,9",NO DATA
tt0465188,Nuovomondo,"6,8",NO DATA
tt0465509,Jumping Off Bridges,"6,6",NO DATA
tt0465160,La Californie,"5,2",NO DATA
tt0464095,The Lives of the Saints,"4,8",NO DATA
tt0464049,The History Boys,"6,8",65
tt0464071,Sillunu Oru Kadhal,"7,1",NO DATA
tt0464842,La traductrice,"6,3",NO DATA
tt0465676,Ye yan,"6,4",NO DATA
tt0465600,Shanghai Red,"5,4",NO DATA
tt0465658,Up on the Rope,"8,1",37
tt0464029,Grbavica,"7,2",98
tt0464160,Chup Chup Ke,"6,9",70
tt0464955,Fehér tenyér,"7,4",NO DATA
tt0465140,Los aires difíciles,"5,8",NO DATA
tt0464828,Quand j'étais chanteur,"6,4",NO DATA
tt0464163,Punchcard Player,"6,5",NO DATA
tt0464672,Nelegal,"5,6",NO DATA
tt0464038,Hana yori mo naho,"6,6",NO DATA
tt0465109,L'éclaireur,"5,9",NO DATA
tt0466561,Karaula,"7,6",NO DATA
tt0464061,I'm Reed Fish,"5,7",NO DATA
tt0466845,Infinite Justice,"5,2",86
tt0465440,Disappearances,"4,9",52
tt0467116,The Valley of Tears,"2,4",NO DATA
tt0467111,A Broken Sole,"6,2",NO DATA
tt0466856,ATL,"6,1",62
tt0466500,Råzone,"6,3",NO DATA
tt0466460,Khosla Ka Ghosla!,"8,3",90
tt0466909,The Omen,"5,5",26
tt0466179,"Martín Fierro, el ave solitaria","5,9",NO DATA
tt0466174,Andersen. Zhizn bez lyubvi,"5,5",NO DATA
tt0466403,Unnatural & Accidental,"4,6",57
tt0468492,Gwoemul,"7,1",NO DATA
tt0467475,Musikanten,"4,5",NO DATA
tt0468545,Section 8,"4,2",NO DATA
tt0468094,The Road to Guantanamo,"7,4",86
tt0465903,Les enfants du pays,"5,3",NO DATA
tt0465551,Notes on a Scandal,"7,4",4
tt0466895,Mercy Street,"7,5",NO DATA
tt0465553,One-Third,"4,1",43
tt0465963,1:1,"6,1",44
tt0466665,The Architect,"5,5",37
tt0466472,The Plague,"4,1",17
tt0466899,The Moment After II: The Awakening,"4,7",NO DATA
tt0466399,Ten Canoes,"6,9",98
tt0466965,Sacred Evil,"6,1",NO DATA
tt0468463,The Conrad Boys,"5,9",33
tt0468548,The Situation,"6,3",83
tt0468834,Perl oder Pica,"6,2",NO DATA
tt0468521,The Night of the White Pants,"5,7",NO DATA
tt0468580,We Go Way Back,"6,3",NO DATA
tt0468489,Half Nelson,"7,1",NO DATA
tt0468458,Brother's Shadow,"6,0",33
tt0468535,Poppies,NO DATA,NO DATA
tt0468704,Deiji,"7,4",7
tt0468526,Old Joy,"6,8",85
tt0469263,The Astronaut Farmer,"6,3",58
tt0468869,La silla,"4,5",NO DATA
tt0468533,Paved with Good Intentions,"7,6",NO DATA
tt0468816,Nacido y criado,"6,3",5
tt0471030,Red Road,"6,8",87
tt0469045,Broken,"5,4",31
tt0470302,Fang xiang zhi lu,"7,1",7
tt0470283,Dosar,"7,5",NO DATA
tt0469027,Bangaram,"4,5",NO DATA
tt0469641,World Trade Center,"6,0",66
tt0469043,Bred in the Bone,"7,0",NO DATA
tt0470000,Wicked Little Things,"5,0",5
tt0470705,Bug,"6,1",61
tt0471646,Darwaza Bandh Rakho,"5,4",NO DATA
tt0470614,Yun Hota Toh Kya Hota,"6,4",68
tt0470290,La edad de la peseta,"6,6",NO DATA
tt0471009,Just Like the Son,"6,7",46
tt0469689,The Last Time,"6,0",35
tt0471930,Who Loves the Sun,"5,9",89
tt0469941,Mansfeld,"6,4",NO DATA
tt0469897,Diggers,"6,3",68
tt0470154,Rokonok,"5,5",33
tt0470055,Open Water 2: Adrift,"5,2",45
tt0469102,The Horrible Flowers,"7,4",NO DATA
tt0469066,Descansos,"5,8",NO DATA
tt0472175,Saving Shiloh,"6,2",41
tt0472268,The Flying Scotsman,"7,0",50
tt0472259,Alone with Her,"6,0",6
tt0473365,I.R.A.: King of Nothing,"4,3",31
tt0473453,Bondage,"6,5",5
tt0470611,Yatra,NO DATA,NO DATA
tt0473231,The Narrow Gate,NO DATA,NO DATA
tt0470692,Bienvenido a casa,"5,9",NO DATA
tt0469104,The House Is Burning,NO DATA,NO DATA
tt0472727,Po hlave do prdele,"4,4",35
tt0473709,The TV Set,"6,5",64
tt0470732,Bernard and Doris,"6,5",NO DATA
tt0472482,Peanuts,"5,5",6
tt0471862,Pournami,"5,8",64
tt0472109,Crossed,"5,0",NO DATA
tt0472200,Valley of the Heart's Delight,"5,4",NO DATA
tt0473064,Nihon chinbotsu,"5,6",NO DATA
tt0470301,Faltu,"6,1",NO DATA
tt0470521,Saawan... The Love Season,"2,7",NO DATA
tt0469519,Park,"5,7",77
tt0470984,Yi ma de hou xian dai sheng huo,"6,8",93
tt0469987,Vier Töchter,"6,0",15
tt0471211,Ja wam pokaze!,"3,0",3
tt0470587,Las vidas de Celia,"5,3",36
tt0472126,Local Color,"6,8",39
tt0471731,"Haha: Toyoko, aru kazoku no ai to kanashimi",NO DATA,NO DATA
tt0470864,Mojave Phone Booth,"5,5",31
tt0472043,Apocalypto,"7,8",NO DATA
tt0472118,Kill Your Darlings,"4,5",38
tt0472582,2:37,"6,8",38
tt0473074,The Gymnast,"6,3",65
tt0472156,The Half Life of Timofey Berezin,"6,7",39
tt0473402,They're Just My Friends,"7,8",NO DATA
tt0473679,Sonhos e Desejos,"5,4",NO DATA
tt0473371,Knuckle Game,"5,3",NO DATA
tt0473488,A Guide to Recognizing Your Saints,"6,9",NO DATA
tt0473707,Sønner,"7,1",NO DATA
tt0473502,Champions,"6,0",61
tt0475241,Khadak,"6,9",NO DATA
tt0475394,Smokin' Aces,"6,6",31
tt0475365,Purity,"5,1",NO DATA
tt0475331,The Magic Flute,"6,5",70
tt0475378,Saga Tier I,"4,9",5
tt0475317,Knallhart,"7,1",NO DATA
tt0475380,Scenes of a Sexual Nature,"5,9",50
tt0475390,Shut Up and Sing,"5,7",91
tt0475276,United 93,"7,6",90
tt0475217,All In,"3,8",NO DATA
tt0475393,Shaking Dream Land,"5,7",NO DATA
tt0474622,Derecho de familia,"6,8",93
tt0474776,Little Girl Blue: What's Become of You?,"7,5",7
tt0474865,A Lobster Tale,"6,1",17
tt0473490,Hanbando,"4,9",NO DATA
tt0473444,Man cheng jin dai huang jin jia,"7,0",NO DATA
tt0473492,De hel van Tanger,"7,1",NO DATA
tt0473797,Bareback ou La guerre des sens,"5,9",NO DATA
tt0473333,Bosque de sombras,"5,7",NO DATA
tt0474312,Le pressentiment,"7,1",NO DATA
tt0475224,Belle toujours,"6,3",NO DATA
tt0474743,Sofacama,"5,8",7
tt0476148,Beyza'nin Kadinlari,"6,2",NO DATA
tt0476884,Taxi No. 9 2 11: Nau Do Gyarah,"7,3",NO DATA
tt0475659,Mia Sarah,"6,2",71
tt0476519,48 Shades,"5,8",48
tt0477640,1st Bite,"4,1",NO DATA
tt0477731,Sang sattawat,"7,3",89
tt0476805,Malamaal Weekly,"7,0",58
tt0477477,Sztornó,"6,4",NO DATA
tt0476992,Fat Rose and Squeaky,"5,2",67
tt0476729,Aksar,"5,0",40
tt0477038,Montag kommen die Fenster,"6,4",62
tt0477029,Looking for Sunday,"7,4",NO DATA
tt0475179,Xiaohai bu ben 2,"6,9",NO DATA
tt0476967,The Cassidy Kids,"6,3",43
tt0477273,El camino de los ingleses,"5,5",NO DATA
tt0476576,La niña en la piedra,"6,2",NO DATA
tt0476419,When Children Play in the Sky,"8,1",NO DATA
tt0477139,Wristcutters: A Love Story,"7,2",67
tt0476298,Madeinusa,"6,8",83
tt0476965,Bummm!,"6,8",NO DATA
tt0477392,Broken Bridges,"5,8",5
tt0477278,Chas pik,"6,3",NO DATA
tt0477323,Mne ne bolno,"6,7",93
tt0476999,Das Fräulein,"6,7",36
tt0476676,Maskot,"6,7",NO DATA
tt0477095,Starter for 10,"6,7",90
tt0477472,Solo,"5,6",NO DATA
tt0476861,Sarhad Paar,"3,9",60
tt0477647,Footy Legends,"5,9",58
tt0477459,Pride and Joy,"7,6",NO DATA
tt0476643,Ha-Buah,"7,3",NO DATA
tt0475932,9A,"7,9",NO DATA
tt0476678,Mujer alabastrina,"5,0",NO DATA
tt0477331,Lo que sé de Lola,"5,9",NO DATA
tt0478033,The Shore,"6,2",NO DATA
tt0476195,De bares,"5,7",NO DATA
tt0476681,Ober,"6,9",NO DATA
tt0478002,La mémoire des autres,"7,3",NO DATA
tt0479046,Ghosts of Cité Soleil,"6,9",78
tt0478687,Je m'appelle Elisabeth,"6,9",NO DATA
tt0478366,The Journals of Knud Rasmussen,"6,4",80
tt0479027,Faith Happens,"5,8",NO DATA
tt0478978,Batismo de Sangue,"7,1",NO DATA
tt0478262,The Return,"4,5",16
tt0478719,Président,"5,7",NO DATA
tt0478829,Vitus,"7,6",67
tt0478968,Always Will,"4,7",55
tt0478237,Rain,"5,6",57
tt0478548,Les aiguilles rouges,"5,8",NO DATA
tt0479042,G.I. Jesus,"5,1",50
tt0479299,"Olga, Victoria Olga","4,1",NO DATA
tt0478714,Optimisti,"6,4",NO DATA
tt0479230,Un Franco 14 Pesetas,"7,0",NO DATA
tt0479143,Rocky Balboa,"7,1",NO DATA
tt0479304,La punta del diablo,"7,8",NO DATA
tt0479275,Beautiful Ohio,"5,7",27
tt0479162,Special,"6,8",58
tt0478732,Serko,"6,1",NO DATA
tt0479725,Blue Moon,"7,9",NO DATA
tt0479965,Off the Black,"6,5",65
tt0479873,Bulldog in the White House,"4,1",NO DATA
tt0479098,Memoirs of My Nervous Illness,"7,0",NO DATA
tt0479942,Last Time Forever,"7,0",NO DATA
tt0480904,Hiding Divya,"5,3",NO DATA
tt0481544,Honor,"4,2",26
tt0480048,Vacationland,"5,0",NO DATA
tt0480057,Winterreise,"7,0",56
tt0481581,Mischief Night,"6,4",100
tt0480202,Sinovci,"8,0",8
tt0479537,Seraphim Falls,"6,6",56
tt0480001,The Sensation of Sight,"6,3",80
tt0480532,The Forbidden Chapter,"5,9",6
tt0480559,Melah Ha'arets,NO DATA,NO DATA
tt0481517,Feel,"4,9",70
tt0479914,Flourish,"4,6",NO DATA
tt0480586,Tachiguishi retsuden,"6,3",NO DATA
tt0480572,Pyaar Ke Side Effects,"6,8",72
tt0480025,This Is England,"7,7",93
tt0480051,Vineta,"6,3",NO DATA
tt0481510,Distortion,"3,7",NO DATA
tt0481572,Maple Palm,"1,8",NO DATA
tt0480773,Saga no gabai-baachan,"6,7",NO DATA
tt0480083,Die Wolke,"6,3",NO DATA
tt0481390,Kokoda,"6,1",71
tt0481561,Lime Salted Love,"3,7",NO DATA
tt0480564,Number 10,"3,3",NO DATA
tt0480680,Ficció,"6,7",NO DATA
tt0481545,The House of Adam,"3,5",NO DATA
tt0481254,Zuzu Angel,"6,9",NO DATA
tt0481349,Le grand Meaulnes,"5,7",NO DATA
tt0482374,Gone,"5,4",94
tt0480854,Windkracht 10: Koksijde Rescue,"5,9",NO DATA
tt0482178,Cabeza de perro,"5,9",NO DATA
tt0482245,La rage de l'ange,"6,3",NO DATA
tt0482546,Miss Potter,"7,0",66
tt0482370,Locked,"6,0",38
tt0482051,Ji quan bu ning,"6,3",NO DATA
tt0482531,The Last Mango,"3,8",NO DATA
tt0482629,The Ultimate Gift,"7,3",33
tt0482987,Hamaca paraguaya,"6,6",60
tt0483090,Rounding Home,"7,8",NO DATA
tt0482571,The Prestige,"8,5",NO DATA
tt0482957,Exit,"5,8",41
tt0482582,Restraining Order,"4,4",56
tt0482528,Jam,"5,7",100
tt0482463,Bella,"7,1",44
tt0483307,Pecados,"7,0",NO DATA
tt0482567,Polumgla,"6,5",NO DATA
tt0483195,Varannan vecka,"5,4",4
tt0482602,Raising Jeffrey Dahmer,"3,9",18
tt0483719,The Living and the Dead,"5,8",91
tt0483741,Morirse en domingo,"6,8",NO DATA
tt0483578,Bushi no ichibun,"7,7",NO DATA
tt0483022,Kamome shokudô,"7,2",NO DATA
tt0483726,Man of the Year,"6,2",NO DATA
tt0483559,Azhagai Irukirai... Bayamai Irukiradhu,"5,3",NO DATA
tt0483812,Stephanie Daley,"6,3",90
tt0483835,Vier Fenster,"4,6",NO DATA
tt0484039,Glue,"6,3",NO DATA
tt0484095,Baruto no gakuen,"5,9",NO DATA
tt0483980,Chukkallo Chandrudu,"5,4",NO DATA
tt0484195,Catch a Wave,"6,1",3
tt0484355,Gubra,"7,2",NO DATA
tt0484360,Köld slóð,"6,1",NO DATA
tt0484437,Legãturi bolnãvicioase,"6,6",NO DATA
tt0484368,Sprængfarlig bombe,"6,0",6
tt0484487,Friss levegö,"6,8",20
tt0485149,Le secret de ma mère,"6,5",4
tt0485026,The Point,"7,1",NO DATA
tt0484434,Ich bin die Andere,"5,2",15
tt0485097,C'est beau une ville la nuit,"5,2",NO DATA
tt0485634,La educación de las hadas,"6,2",NO DATA
tt0485510,Hacivat Karagöz Neden Öldürüldü?,"7,5",86
tt0485522,Umrao Jaan,"5,4",69
tt0485466,Jawani Diwani: A Youthful Joyride,"2,9",30
tt0485241,"Je vais bien, ne t'en fais pas","7,3",89
tt0485552,Ya-soo,"6,3",7
tt0485366,Brasília 18%,"5,2",NO DATA
tt0486628,Middletown,"5,9",39
tt0486611,The Last Stand,"4,3",57
tt0485920,Jack's Law,"3,2",NO DATA
tt0485798,Gradiva (C'est Gradiva qui vous appelle),"5,8",NO DATA
tt0485817,Luz de invierno,"6,0",6
tt0485813,"Karmma, el peso de tus actos","5,4",NO DATA
tt0486580,Forgiveness,"6,5",30
tt0486219,"Szabadság, szerelem","6,9",NO DATA
tt0486636,Odette Toulemonde,"6,3",NO DATA
tt0485976,Bo bui gai wak,"6,6",NO DATA
tt0485922,Keerthi Chakra,"7,2",NO DATA
tt0486545,Allein gegen die Angst,"7,0",NO DATA
tt0485927,The Lather Effect,"5,9",40
tt0486751,Chacun sa nuit,"5,8",NO DATA
tt0486739,Zen Man,"6,8",NO DATA
tt0486961,Aporia,"4,6",NO DATA
tt0486145,Lauf der Dinge,"5,5",NO DATA
tt0487456,Meurtrières,"6,0",6
tt0485863,Mo gong,"6,7",6
tt0487339,L'année suivante,"6,1",NO DATA
tt0487182,Histoire de famille,"6,8",76
tt0487503,La tourneuse de pages,"7,0",77
tt0487260,Le héros de la famille,"5,4",5
tt0487156,In Her Line of Fire,"3,6",22
tt0487195,Bonneville,"6,1",41
tt0487369,Cages,"6,2",NO DATA
tt0488903,Verfolgt,"6,6",NO DATA
tt0488121,The Front Line,"6,5",67
tt0488893,O Passageiro: Segredos de Adulto,"6,0",NO DATA
tt0488906,Zinda,"4,9",60
tt0488403,Kisik Ateste 15 Dakika,"6,1",NO DATA
tt0489327,Venus,"7,1",21
tt0489823,Ricotta,NO DATA,NO DATA
tt0489582,Utthaan,"4,5",NO DATA
tt0488381,Corporate,"6,6",60
tt0490021,Warchild,"6,6",NO DATA
tt0488414,Omkara,"8,0",90
tt0490166,London to Brighton,"6,9",6
tt0488349,Yellow,"5,2",83
tt0488928,Guilty Hearts,"4,6",NO DATA
tt0489458,O Cheiro do Ralo,"7,3",NO DATA
tt0490174,Maria am Wasser,"7,0",NO DATA
tt0488027,Plac Zbawiciela,"7,4",NO DATA
tt0488138,Small Engine Repair,"6,3",6
tt0488151,Lying,"4,9",32
tt0488044,Les Européens,"8,6",NO DATA
tt0488374,The Bong Connection,"6,7",71
tt0490499,The Tiger's Tail,"5,8",14
tt0490459,Mizu ni sumu hana,"4,7",55
tt0488584,Kidô senshi Z Gandamu III: Hoshi no kodô wa ai,"6,8",NO DATA
tt0489751,Las manos,"7,0",NO DATA
tt0490935,Flirting with Flamenco,"5,6",NO DATA
tt0489023,Delusions,"5,1",100
tt0490172,Mahasamudram,"3,0",NO DATA
tt0489682,Conversations with God,"6,5",7
tt0490133,Gefangene,"6,3",NO DATA
tt0490464,Oorlogsrust,"5,5",NO DATA
tt0491244,Hak se wui: Yi woo wai kwai,"7,4",NO DATA
tt0490951,A Goat's Tail,"6,5",NO DATA
tt0491901,Le voyage en Arménie,"6,7",NO DATA
tt0491839,Límite,NO DATA,NO DATA
tt0491253,Ça brûle,"6,2",NO DATA
tt0491095,Pathogen,"8,4",50
tt0491650,Hezké chvilky bez záruky,"5,8",NO DATA
tt0491747,Away from Her,"7,5",NO DATA
tt0491223,A Very Serious Person,"6,5",50
tt0491720,L'inchiesta,"5,3",NO DATA
tt0491775,Happy,"7,1",76
tt0492473,Kan shang qu hen mei,"6,7",3
tt0492869,Antônia,"6,3",NO DATA
tt0492463,In Between Days,"6,4",NO DATA
tt0493292,Fratelli di sangue,"6,8",NO DATA
tt0493139,Kurz davor ist es passiert,"6,6",NO DATA
tt0493465,Waru,"5,1",NO DATA
tt0493450,Sixty Six,"6,7",65
tt0492492,Stay,"5,9",90
tt0494271,La sconosciuta,"7,4",NO DATA
tt0494207,Baciami piccina,"6,7",NO DATA
tt0492707,Nunbushin haru,"6,5",NO DATA
tt0493051,Punching at the Sun,"7,1",NO DATA
tt0493044,Pine Flat,"5,4",NO DATA
tt0493425,Hiding Victoria,"5,5",64
tt0494253,Long-Term Relationship,"6,0",50
tt0492962,Destricted,"4,5",17
tt0494653,Bewilderness,"8,2",NO DATA
tt0494640,Ashita no kioku,"7,5",7
tt0495158,Motorcycle,"7,6",NO DATA
tt0494284,Cover boy: L'ultima rivoluzione,"6,9",NO DATA
tt0495034,Golmaal: Fun Unlimited,"7,4",74
tt0492490,Son of Man,"6,7",54
tt0495031,Fundacja,"5,7",NO DATA
tt0495167,Langer licht,"6,8",60
tt0495022,Ankahee,"4,7",44
tt0495219,Cándida,"6,4",NO DATA
tt0495040,Kunsten at græde i kor,"7,3",NO DATA
tt0495116,Om Gud vill,"6,1",NO DATA
tt0495032,Gangster,"7,2",83
tt0493247,Gin-iro no kami no Agito,"6,3",NO DATA
tt0495686,"Du hast gesagt, dass du mich liebst","5,9",NO DATA
tt0492960,A Darkness Swallowed,"7,5",NO DATA
tt0492912,Subject Two,"5,4",55
tt0495135,Lai xiao zi,"6,6",NO DATA
tt0492945,Cinnamon,"5,7",58
tt0494656,Black Eyed Dog,"5,6",NO DATA
tt0493264,Kurtlar Vadisi: Irak,"5,7",75
tt0494248,The Last Adam,"6,3",NO DATA
tt0493389,Annavaram,"4,9",57
tt0494290,Vivah,NO DATA,90
tt0496319,The Hottest State,"6,0",32
tt0495138,La leyenda del tiempo,"6,9",NO DATA
tt0495637,Vidange perdue,"6,5",NO DATA
tt0494764,The Mourning Girls,"5,2",NO DATA
tt0495237,Rene hjerter,"6,3",NO DATA
tt0496336,Lavado em Lágrimas,"5,3",NO DATA
tt0495824,Dek hor,"6,8",NO DATA
tt0496224,An American Vampire in America,"8,1",NO DATA
tt0496318,Hollywood at Its Best,"8,3",NO DATA
tt0496354,Mr. Soul,"7,8",NO DATA
tt0496566,Schröders wunderbare Welt,"5,2",NO DATA
tt0496348,Der Mann von der Botschaft,"6,6",NO DATA
tt0496226,Sedam i po,"7,9",NO DATA
tt0496237,Beautiful Things,"7,2",NO DATA
tt0496254,Breathing Room,"7,7",NO DATA
tt0496699,Una estrella y dos cafés,"6,7",NO DATA
tt0496765,Kenchô no hoshi,"6,3",NO DATA
tt0496693,Don't Give Up on Us,"7,1",NO DATA
tt0496395,Sonja,"5,8",NO DATA
tt0497137,Ssa-i-bo-geu-ji-man-gwen-chan-a,"7,0",7
tt0497333,Black Top Dreams,NO DATA,NO DATA
tt0495846,Khao niao moo ping,"5,4",NO DATA
tt0497351,"Dance Party, USA","6,1",88
tt0497941,Min frus förste älskare,"4,7",NO DATA
tt0496799,Mariposa negra,"6,6",NO DATA
tt0497424,Offshore,"6,6",90
tt0497365,True North,"6,8",36
tt0496853,Ssaum-ui gisul,"6,6",NO DATA
tt0495749,Rauchzeichen,"5,9",5
tt0498282,Boon chui yan gaan,"6,5",NO DATA
tt0496269,Body Rice,"4,8",71
tt0498134,L'héritage,"6,9",NO DATA
tt0495932,Neandertal,"6,0",NO DATA
tt0497991,Un an,"5,4",NO DATA
tt0498120,Coeurs,"7,0",7
tt0496406,L'étrangère,"7,0",NO DATA
tt0497534,The Truck of Dreams,"8,4",NO DATA
tt0498326,Almost Adult,"5,6",60
tt0498380,Letters from Iwo Jima,"7,8",91
tt0496276,Dominos: The Games We Play,"5,4",NO DATA
tt0496408,That Beautiful Somewhere,"5,3",NO DATA
tt0498118,Mauvaise foi,"6,1",NO DATA
tt0497273,Sutra ujutru,"6,8",NO DATA
tt0497899,Ein Dichter in der Familie,NO DATA,NO DATA
tt0497976,Små mirakel och stora,"5,5",NO DATA
tt0498203,Wholetrain,"6,9",NO DATA
tt0498125,Pardonnez-moi,"6,5",65
tt0497986,Shi gan,"7,1",77
tt0497024,Chiamami Salomè,"5,2",NO DATA
tt0497876,46-okunen no koi,"6,7",72
tt0498505,Hakase no aishita sûshiki,"7,4",NO DATA
tt0497401,The Last Romantic,"6,3",71
tt0497506,Déluge,"7,0",NO DATA
tt0497701,20 nuits et un jour de pluie,"4,0",2
tt0498305,Moyuru Toki: The Excellent Company,"7,3",NO DATA
tt0498605,Yoru no pikunikku,"6,7",NO DATA
tt0498103,Le dernier des fous,"6,3",4
tt0499072,Put lubenica,"6,6",100
tt0499467,Elipsis,"6,2",NO DATA
tt0498587,Uchôten hoteru,"7,0",7
tt0498097,Iklimler,"7,1",NO DATA
tt0499141,Yi sa bui lai,"7,1",NO DATA
tt0499262,Takva,"7,4",85
tt0499025,Du & jag,"4,9",NO DATA
tt0498370,My American Nurse,"7,7",54
tt0499238,Milarepa,"7,0",7
tt0499335,Kargaran mashghoole karand,"6,4",NO DATA
tt0498339,Down in New Orleans,"6,4",NO DATA
tt0498800,GAL,"5,2",41
tt0498846,Adama Meshuga'at,"7,1",NO DATA
tt0499348,Movajehe,"3,7",NO DATA
tt0499484,The Genius Club,"5,7",14
tt0499166,Zemestan,"6,7",NO DATA
tt0499596,What the Bleep!?: Down the Rabbit Hole,"6,4",29
tt0499157,Slumming,"7,0",40
tt0499095,Wellkåmm to Verona,"3,8",NO DATA
tt0499333,Herminamezö - Szellemjárás,"6,8",NO DATA
tt0499425,Aogeba tôtoshi,"7,1",NO DATA
tt0499604,Changing Spots,"7,7",NO DATA
tt0499537,Offside,"7,3",94
tt0499075,Ray of Sunshine,"5,0",NO DATA
tt0499204,Dün Gece Bir Rüya Gördüm,"4,2",NO DATA
tt0499455,Day Night Day Night,"6,2",NO DATA
tt0499101,Der freie Wille,"7,4",NO DATA
tt0499603,10 Items or Less,NO DATA,NO DATA
tt0499362,Pochi no kokuhaku,"7,3",73
tt0499586,Tusenbröder - Återkomsten,"6,7",7
tt0757223,Holli-dei,"6,4",NO DATA
tt0757193,Esperanza,"6,0",NO DATA
tt0756331,Poludnie - Pólnoc,"6,8",7
tt0756676,Lenz,"6,2",NO DATA
tt0757194,Eum-lan-seo-seng,"6,2",NO DATA
tt0757933,Sukob,"6,3",75
