0,1,2,3
tt0102267,Lifebreath,"5,4",NO DATA
tt0108233,Strawberry Fields,"6,5",NO DATA
tt0109136,Annie's Garden,"4,7",NO DATA
tt0110331,Lethal Seduction,"4,1",5
tt0111416,This Is the Sea,"6,1",NO DATA
tt0112974,Alien Visitor,"5,7",6
tt0111632,Visidela,"6,7",NO DATA
tt0112856,Les deux orphelines vampires,"5,0",46
tt0114050,Opposite Corners,"5,8",NO DATA
tt0113937,Natsu jikan no otonatachi,"7,0",NO DATA
tt0113968,The Next Step,"6,2",NO DATA
tt0114216,Quiet Days in Hollywood,"4,4",18
tt0114854,Violet's Visit,"6,1",NO DATA
tt0114877,The Voyeur,"6,6",NO DATA
tt0115797,C'est la tangente que je préfère,"6,0",NO DATA
tt0115462,Actrius,"6,7",NO DATA
tt0115865,Changing Habits,"5,8",22
tt0116611,Illicit Dreams 2,"3,7",NO DATA
tt0115512,All's Fair in Love & War,"2,7",NO DATA
tt0116444,La grande quercia,"7,6",NO DATA
tt0116914,Loose Women,"4,4",NO DATA
tt0116193,En brazos de la mujer madura,"6,2",NO DATA
tt0116826,Last Chance Love,"4,4",NO DATA
tt0115866,Chapter Perfect,"5,1",NO DATA
tt0116261,Eye of God,"7,3",75
tt0116956,Magenta,"4,7",20
tt0115784,Bumerang,"7,1",NO DATA
tt0116140,Dream Land,NO DATA,84
tt0116990,Marianna Ucrìa,"6,0",6
tt0115927,Commandments,"5,5",24
tt0116156,Dzien wielkiej ryby,"6,0",6
tt0116383,Für immer und immer,"6,2",NO DATA
tt0116762,Keys to Tulsa,"5,1",10
tt0116976,Man of Her Dreams,"5,0",NO DATA
tt0115898,Tsikatriz,"5,4",NO DATA
tt0115584,Asylum,"4,9",NO DATA
tt0116195,En la puta calle,"6,3",59
tt0116618,"'Imûhar', une légende","6,5",NO DATA
tt0115818,Cannes Man,"5,1",NO DATA
tt0116379,A Further Gesture,"5,8",67
tt0116547,Home Before Dark,"6,7",NO DATA
tt0116590,Hysteria,"5,2",NO DATA
tt0116785,Wo ai chu fang,"7,0",7
tt0116941,Lunastus,"6,2",NO DATA
tt0115945,Et hjørne af paradis,"4,8",NO DATA
tt0116431,Gold in the Streets,"5,4",NO DATA
tt0116979,Managua,"4,4",NO DATA
tt0116970,"Mama, I Have Something to Tell You",NO DATA,NO DATA
tt0118598,Altri uomini,"6,6",NO DATA
tt0116851,Leila,"7,5",NO DATA
tt0117264,A Ostra e o Vento,"7,2",NO DATA
tt0118554,Adam & Eva,"6,1",70
tt0118594,Allyson Is Watching,"4,8",7
tt0118030,Under the Lighthouse Dancing,"5,6",83
tt0118660,Auzaar,"4,6",25
tt0117056,Ayneh,"7,5",NO DATA
tt0118644,Assassin(s),"6,4",56
tt0118823,A Casa,"7,0",62
tt0118586,All Over Me,"6,4",NO DATA
tt0118870,Cold Around the Heart,"5,2",22
tt0118997,Docteur Chance,"5,4",NO DATA
tt0119029,Dust Off the Wings,"5,9",NO DATA
tt0118713,The Big Empty,"5,8",NO DATA
tt0118614,Amy,"6,7",43
tt0118762,Boys Life 2,"6,6",83
tt0118751,Border,"7,9",83
tt0118820,Il carniere,"6,0",NO DATA
tt0118683,Barbara,"6,1",38
tt0118632,The Apostle,"7,2",88
tt0118865,The Climb,"6,7",NO DATA
tt0118881,Con rabbia e con amore,"6,8",NO DATA
tt0118756,Le bossu,"6,9",88
tt0118648,The Assistant,"5,7",NO DATA
tt0118905,La cruz,"6,0",NO DATA
tt0118588,All Stars,"7,1",60
tt0118827,Casualties,"5,3",33
tt0118993,Trading Favors,"5,1",NO DATA
tt0119042,Eat Your Heart Out,"5,6",NO DATA
tt0118851,Chinese Box,"6,2",NO DATA
tt0118534,2/dyuo,"7,0",7
tt0118638,Ariane ou l'âge d'or,"7,9",9
tt0118767,Brat,"7,8",NO DATA
tt0118799,La vita è bella,"8,6",81
tt0118610,Amor de hombre,"6,3",NO DATA
tt0118696,Below Utopia,"4,9",NO DATA
tt0118815,O Cangaceiro,"6,7",NO DATA
tt0119008,Donnie Brasco,"7,7",88
tt0118700,Obsession,"5,1",10
tt0118754,Borrowed Life Stolen Love,"6,3",NO DATA
tt0118743,The Blood Oranges,"4,6",NO DATA
tt0118922,Dame algo,"5,3",NO DATA
tt0118533,1996: Pust på meg!,"5,6",NO DATA
tt0118603,American Perfekt,"5,9",59
tt0118548,Absolute Power,"6,7",56
tt0118805,Buud Yam,"6,6",19
tt0118884,Contact,"7,5",68
tt0118600,An American Affair,"3,4",NO DATA
tt0118640,Arresting Gena,"5,0",NO DATA
tt0118772,Breaking Up,"4,7",20
tt0118525,...Aur Pyaar Ho Gaya,"4,6",32
tt0118787,Buddy,"4,8",26
tt0118980,Digging to China,"6,7",43
tt0119117,The Fifth Province,"6,2",NO DATA
tt0118670,Bad Day on the Block,"5,3",NO DATA
tt0118542,9 millimeter,"3,1",NO DATA
tt0118765,Bozic u Becu,"4,4",NO DATA
tt0118898,Cremaster 5,"6,4",63
tt0117898,"This World, Then the Fireworks","5,2",38
tt0118576,Akrebin yolculugu,"7,1",NO DATA
tt0116772,The Killing Jar,"4,5",56
tt0118828,Catherine's Grove,"4,5",NO DATA
tt0117975,True Love and Chaos,"5,7",NO DATA
tt0118833,Cesta pustým lesem,"7,5",9
tt0118866,Clockwatchers,"6,6",NO DATA
tt0119152,Free Willy 3: The Rescue,"4,7",44
tt0118531,One Eight Seven,"6,6",70
tt0118761,The Boy with a Bugle,"7,6",NO DATA
tt0118749,Boogie Nights,"7,9",7
tt0118780,Broadway Damage,"6,6",22
tt0117273,Outsider,"8,0",87
tt0118927,Dangerous Ground,"4,4",8
tt0118887,Cop Land,"7,0",75
tt0119125,Firelight,"7,2",68
tt0118574,Aisuru,"6,5",NO DATA
tt0118623,Anna Karenina,"6,2",26
tt0118774,Brent av frost,"4,4",NO DATA
tt0118917,Dakan,"6,3",NO DATA
tt0119052,The Education of Little Tree,"7,1",59
tt0118545,"A, B, C... Manhattan","6,6",NO DATA
tt0118818,Career Girls,"7,1",88
tt0118840,The Manson Family,"5,4",NO DATA
tt0119002,Doing Time for Patsy Cline,"6,2",78
tt0119114,Fever Pitch,"6,7",56
tt0118698,Bent,"7,1",72
tt0118735,Blackrock,"6,0",64
tt0118730,Black Circle Boys,"4,8",NO DATA
tt0118685,Barracuda,"6,6",NO DATA
tt0118764,Les Boys,"6,6",86
tt0118768,The Brave,"6,1",NO DATA
tt0118845,Chun gwong cha sit,"7,7",NO DATA
tt0118964,The Designated Mourner,"6,3",65
tt0118734,The Blackout,"5,4",NO DATA
tt0118571,Air Force One,"6,5",78
tt0118858,City of Dark,"6,8",NO DATA
tt0118760,The Boxer,"7,0",NO DATA
tt0118968,Destination Unknown,"6,7",NO DATA
tt0118566,Afterglow,"6,0",NO DATA
tt0118702,Best Men,"5,5",91
tt0118890,Les couleurs du diable,"5,3",NO DATA
tt0118901,Critical Care,"5,9",59
tt0119021,"Drive, She Said","5,2",NO DATA
tt0118738,Bleached,"6,9",NO DATA
tt0118537,2103: The Deadly Wake,"3,2",17
tt0118822,Carreteras secundarias,"6,0",NO DATA
tt0118849,Bacheha-Ye aseman,"8,2",8
tt0118564,Affliction,"6,9",85
tt0118682,Bandits,"6,4",88
tt0118771,Breakdown,"7,0",80
tt0119051,The Edge,"6,9",80
tt0118550,Le acrobate,"6,9",NO DATA
tt0118570,Air Bud,"5,3",21
tt0117472,Rhinoceros Hunting in Budapest,"6,3",NO DATA
tt0118842,Chasing Amy,"7,2",5
tt0119098,Fall,"5,9",NO DATA
tt0118590,All the Rage,"5,1",NO DATA
tt0117233,The Offering,"5,0",5
tt0118617,Anastasia,"7,1",86
tt0118742,Bliss,"6,0",50
tt0119080,Eve's Bayou,"7,2",5
tt0117540,Sairaan kaunis maailma,"5,9",NO DATA
tt0118895,Le cousin,"6,6",53
tt0119123,Fire Down Below,"5,1",14
tt0118658,Autre chose à foutre qu'aimer,"6,0",6
tt0118757,Bouge!,"2,3",NO DATA
tt0118788,La buena estrella,"7,0",7
tt0118804,The Butcher Boy,"7,1",NO DATA
tt0118078,Vicious Circle,"3,6",NO DATA
tt0118727,Love Walked In,"5,3",NO DATA
tt0119173,G.I. Jane,"6,0",NO DATA
tt0118819,Carne trémula,"7,3",80
tt0119085,Exception to the Rule,"4,7",NO DATA
tt0118659,L'autre côté de la mer,"6,0",3
tt0118607,Amistad,"7,3",NO DATA
tt0118783,A Brother's Kiss,"6,0",100
tt0118076,Vice Girls,"3,6",NO DATA
tt0118671,Bad Manners,"6,4",85
tt0119203,Glam,"2,7",62
tt0118752,Born Bad,"5,2",NO DATA
tt0118882,Conceiving Ada,"5,0",82
tt0118565,After the Game,"4,7",NO DATA
tt0119174,The Game,"7,7",77
tt0119167,Funny Games,"7,5",NO DATA
tt0118900,Gang Related,"6,4",50
tt0119132,Flammen im Paradies,"6,1",NO DATA
tt0118705,A Better Place,"6,9",76
tt0118633,Die Apothekerin,"5,9",NO DATA
tt0119001,Dogtown,"5,6",58
tt0119012,Double Tap,"5,1",NO DATA
tt0119095,FairyTale: A True Story,"6,5",5
tt0118958,The Deli,"5,5",36
tt0119019,Dream with the Fishes,"6,9",61
tt0119057,Elles,"6,5",NO DATA
tt0117468,Retroactive,"6,2",57
tt0119092,Face,"6,7",92
tt0119141,Fools Rush In,"6,1",34
tt0119164,The Full Monty,"7,2",96
tt0119146,Franciska vasárnapjai,"6,7",NO DATA
tt0117525,Rumble in the Streets,"3,6",NO DATA
tt0118826,The Castle,"7,6",NO DATA
tt0117177,Night Vision,"4,1",NO DATA
tt0118972,The Devil's Own,"6,2",35
tt0117657,Il sindaco,"4,8",5
tt0118941,Dead Men Can't Dance,"4,4",NO DATA
tt0119157,Friedrich und der verzauberte Einbrecher,"5,8",NO DATA
tt0118859,City of Industry,"6,1",43
tt0119105,Faraw!,"7,2",NO DATA
tt0119184,Gemilang,"7,7",NO DATA
tt0119177,Gattaca,"7,7",82
tt0117280,Painted Hero,"5,4",70
tt0118924,Dance of the Wind,"6,9",NO DATA
tt0118983,Dil To Pagal Hai,"7,0",82
tt0119033,Déjà Vu,"6,7",NO DATA
tt0119113,La femme défendue,"7,2",7
tt0119161,Frost,"8,1",19
tt0119062,The End of Violence,"5,6",NO DATA
tt0118971,The Devil's Advocate,"7,5",NO DATA
tt0119050,Edgar,"8,4",91
tt0119112,La femme du cosmonaute,"4,5",3
tt0117335,Zuì hou pan jue,"6,4",59
tt0117664,Slaves to the Underground,"5,2",33
tt0118139,Wezwanie,"5,8",NO DATA
tt0118164,The Whole of the Moon,"6,2",NO DATA
tt0117663,The Slab Boys,"6,0",NO DATA
tt0117567,Scorned 2,"3,9",50
tt0117884,Testimone a rischio,"6,7",NO DATA
tt0118240,Özgä vaxt,"8,2",83
tt0117555,Savrseni krug,"8,1",70
tt0117939,Tonka,"6,8",NO DATA
tt0117417,Ji lao si shi,"6,6",7
tt0117343,Pintadas,"6,3",NO DATA
tt0117645,Den sidste viking,"5,3",NO DATA
tt0117649,Le silence de Rak,"6,2",NO DATA
tt0118175,Winterblume,"6,8",6
tt0117217,The Nurse,"4,6",10
tt0117496,Robinson Crusoe,"5,9",39
tt0117724,Squeeze,"5,9",73
tt0117959,La tregua,"6,5",NO DATA
tt0119397,Jag är din krigare,"5,6",NO DATA
tt0119263,He liu,"7,2",19
tt0119385,Iruvar,"8,4",NO DATA
tt0119225,Gridlock'd,"6,9",88
tt0119242,Généalogies d'un crime,"6,4",67
tt0119324,The House of Yes,"6,5",NO DATA
tt0119412,Jmeno kodu: Rubin,"5,9",94
tt0119234,Gudia,"7,1",NO DATA
tt0119311,Hoodlum,"6,3",43
tt0119342,Héroïnes,"5,5",NO DATA
tt0119352,Ill Gotten Gains,"5,3",NO DATA
tt0119409,Je ne vois pas ce qu'on me trouve,"6,0",NO DATA
tt0119236,Guidao,"5,5",NO DATA
tt0119250,Hana-bi,"7,7",96
tt0119477,Kokkuri-san,"4,5",NO DATA
tt0119217,Good Will Hunting,"8,3",97
tt0119252,Hantises,"3,8",NO DATA
tt0119280,Mrs Brown,"7,2",70
tt0119472,Knockin' on Heaven's Door,"7,8",92
tt0119241,Gyilkos kedv,"5,7",NO DATA
tt0119316,Hosszú alkony,"7,2",NO DATA
tt0119368,The Informant,"6,3",43
tt0119396,Jackie Brown,"7,5",94
tt0119361,In the Company of Men,"7,1",NO DATA
tt0119536,The Life of Stuff,"4,0",NO DATA
tt0119581,Loved,"4,6",NO DATA
tt0119610,Le mani forti,"6,4",NO DATA
tt0119773,Nettoyage à sec,"6,8",NO DATA
tt0119859,Paradise Road,"6,8",43
tt0119428,Judwaa,"6,1",NO DATA
tt0119510,Das Leben ist eine Baustelle.,"7,2",NO DATA
tt0119468,Kiss the Girls,"6,6",2
tt0119592,Mad City,"6,3",36
tt0119753,Nagareita shichinin,"6,0",NO DATA
tt0119828,On connaît la chanson,"7,3",NO DATA
tt0119906,Playing God,"5,6",19
tt0119467,Kiss or Kill,"6,3",83
tt0119608,Mandragora,"6,6",73
tt0119582,Lovelife,"5,6",28
tt0119576,Love in Paris,"2,9",NO DATA
tt0119808,Nous sommes tous encore ici,"7,3",NO DATA
tt0119858,Paradise Falls,"6,2",NO DATA
tt0119547,Little Boy Blue,"6,2",61
tt0119574,Love and Death on Long Island,"6,9",NO DATA
tt0119653,Men,"5,2",22
tt0119743,My Son the Fanatic,"6,8",79
tt0119711,Mat i syn,"7,3",79
tt0119448,Karakter,"7,7",92
tt0119555,Living in Peril,"5,3",26
tt0119622,The Marksmen,"6,3",92
tt0119616,Maria,"6,2",11
tt0119656,Men with Guns,"5,3",NO DATA
tt0119820,Ogifta par ...en film som skiljer sig,"5,8",NO DATA
tt0119463,Kini & Adams,"7,2",NO DATA
tt0119506,Lawn Dogs,"7,4",72
tt0119591,Macbeth,"5,1",NO DATA
tt0119684,Mixed Signals,"5,2",NO DATA
tt0119738,My Best Friend's Wedding,"6,3",74
tt0119780,"Niagara, Niagara","6,9",NO DATA
tt0119815,"O Que é Isso, Companheiro?","7,4",4
tt0119609,Mange ta soupe,"6,4",NO DATA
tt0119720,The Death Sentence: Mrityu Dand,"7,2",4
tt0119721,Mrityudaata,"2,8",NO DATA
tt0119817,Ocean Tribe,"6,7",NO DATA
tt0119861,Pardes,"6,9",72
tt0119846,Our God's Brother,"6,2",NO DATA
tt0119558,Lolita,"6,8",NO DATA
tt0119589,Ma 6-T va crack-er,"5,6",49
tt0119668,Midnight in the Garden of Good and Evil,"6,6",6
tt0119617,Marianne,"5,2",64
tt0119900,La pistola de mi hermano,"5,5",5
tt0119427,Judaai,"6,1",43
tt0119429,Julian Po,"6,0",67
tt0119629,Al-massir,"7,2",NO DATA
tt0119837,The Only Thrill,"6,0",41
tt0119921,Porto Santo,"5,1",NO DATA
tt0119485,Kundun,"7,0",74
tt0119694,Mondo Bobo,"6,6",NO DATA
tt0119774,Nevada,"5,3",22
tt0119792,Nil by Mouth,"7,3",77
tt0119228,Grind,"5,4",NO DATA
tt0119346,I Married a Strange Person!,"6,9",NO DATA
tt0119272,Heaven's Burning,"5,7",36
tt0119395,The Jackal,"6,4",46
tt0119527,Deceiver,"6,5",42
tt0119572,Love Jones,"7,3",76
tt0119598,The Maker,"5,5",53
tt0119237,Gummo,"6,6",NO DATA
tt0119661,Merchant of Death,"4,0",33
tt0119763,Nattbuss 807,"4,8",NO DATA
tt0119297,Historias de Fútbol,"6,6",NO DATA
tt0119285,Hero No. 1,"6,3",60
tt0119262,Hazlo por mí,"5,8",NO DATA
tt0119518,Lesser Prophets,"5,4",NO DATA
tt0119733,Mei li zai chang ge,"6,9",NO DATA
tt0119284,La herida luminosa,"6,0",6
tt0119322,House of America,"6,4",91
tt0119525,Levitation,"5,6",NO DATA
tt0119475,Koi to hanabi to kanransha,"6,7",NO DATA
tt0119508,Leather Jacket Love Story,"6,2",67
tt0119615,Les marches du palais,"8,1",NO DATA
tt0119626,Martín (Hache),"7,6",92
tt0119703,Mordbüro,"4,4",NO DATA
tt0119723,Mrs Dalloway,"6,5",NO DATA
tt0119791,Nightwatch,"6,2",27
tt0119248,Hamam,"6,8",NO DATA
tt0119373,Inside/Out,"6,9",NO DATA
tt0119393,J'irai au paradis car l'enfer est ici,"6,7",NO DATA
tt0119488,L.A. Confidential,"8,2",99
tt0119557,The Locusts,"6,1",18
tt0119652,Memorias del ángel caído,"5,9",NO DATA
tt0119422,The Journey,"7,2",NO DATA
tt0119625,Marthe,"6,4",NO DATA
tt0119732,Murder in Mind,"5,2",NO DATA
tt0119822,As Good as It Gets,"7,7",NO DATA
tt0119452,Kayla,"6,2",NO DATA
tt0119586,Lucie Aubrac,"6,6",74
tt0119590,Ma vie en rose,"7,5",93
tt0119620,Marius et Jeannette,"6,9",NO DATA
tt0119657,Men with Guns,"7,6",NO DATA
tt0119383,Irish Whiskey,"6,2",NO DATA
tt0119457,Kicked in the Head,"4,4",20
tt0119619,Marion,"6,9",NO DATA
tt0119674,Les mille merveilles de l'univers,"5,1",NO DATA
tt0119935,Preaching to the Perverted,"5,8",83
tt0119209,Going All the Way,"5,7",65
tt0119418,Le jour et la nuit,"1,9",14
tt0119389,The Island on Bird Street,"7,1",74
tt0119491,Lahoo Ke Do Rang,"4,1",NO DATA
tt0119658,Mendel,"6,1",NO DATA
tt0119688,"Moi fatigué debout, moi couché","4,6",NO DATA
tt0119769,Neitoperho,"6,8",NO DATA
tt0119338,Hurricane,"6,3",NO DATA
tt0119476,Koi wa maiorita,NO DATA,NO DATA
tt0119453,Keep the Aspidistra Flying,"6,3",NO DATA
tt0119502,The Last Time I Committed Suicide,"5,5",43
tt0119687,Moe no Suzaku,"7,4",86
tt0119278,Chicago Cab,"6,4",56
tt0119331,Hunger - Sehnsucht nach Liebe,"6,1",NO DATA
tt0119349,The Ice Storm,"7,3",NO DATA
tt0119382,Inês de Portugal,"5,6",NO DATA
tt0119426,Joyride,"5,0",20
tt0119430,Jump the Gun,"7,3",NO DATA
tt0119407,Janku fudo,"5,8",NO DATA
tt0119637,The Maze,"5,6",NO DATA
tt0119578,Love! Valour! Compassion!,"7,0",71
tt0119948,Il principe di Homburg,"6,7",20
tt0119218,Goodbye America,"5,1",70
tt0119424,Jours de colère,"7,7",NO DATA
tt0119391,J'ai horreur de l'amour,"6,7",NO DATA
tt0119381,Inventing the Abbotts,"6,4",33
tt0119515,Legend of the Spirit Dog,"6,3",NO DATA
tt0119719,Mr. Vincent,"6,2",67
tt0119690,Mojo,"5,5",87
tt0119856,Papertrail,"4,5",NO DATA
tt0119844,Ossos,"6,9",NO DATA
tt0119853,Un air si pur...,"6,7",NO DATA
tt0120690,"A Gun, a Car, a Blonde","5,2",6
tt0119737,Mutual Needs,"4,6",NO DATA
tt0119860,Parasaito Ivu,"5,7",NO DATA
tt0119664,Metro,"5,6",17
tt0119940,Academy Boyz,"6,8",9
tt0122082,Gadjo dilo,"7,6",81
tt0119855,Les palmes de M. Schutz,"6,9",NO DATA
tt0119917,"Pondichéry, dernier comptoir des Indes","4,1",NO DATA
tt0119665,Metroland,"6,3",NO DATA
tt0119623,Marquise,"5,9",41
tt0119809,Nowhere,"6,5",50
tt0119832,One Night Stand,"5,9",59
tt0119893,Photographing Fairies,"6,8",82
tt0119951,Private Parts,"6,9",73
tt0119836,Onibi,"6,7",40
tt0119794,Nirvana,"6,1",67
tt0119923,Post coïtum animal triste,"5,8",5
tt0119731,Murder at 1600,"6,1",32
tt0119818,Liang ge zhi neng huo yi ge,"6,6",NO DATA
tt0119843,Oscar and Lucinda,"6,6",67
tt0119920,Port Djema,"6,1",NO DATA
tt0119896,Picture Perfect,"5,5",NO DATA
tt0119926,Posutoman burûsu,"7,4",NO DATA
tt0119978,The Rainmaker,"7,2",NO DATA
tt0122246,The Seller,"7,6",NO DATA
tt0122563,Kagi,"6,2",NO DATA
tt0119987,The Real Blonde,"6,1",34
tt0119925,The Postman,"6,1",NO DATA
tt0120152,Smilla's Sense of Snow,"6,3",53
tt0120261,Szczesliwego Nowego Jorku,"6,1",NO DATA
tt0120346,Tôkyô yakyoku,"6,2",NO DATA
tt0120448,La vie de Jésus,"7,0",77
tt0120218,Det store flip,"5,5",NO DATA
tt0120277,Tano da morire,"6,4",NO DATA
tt0120366,Traveller,"6,1",79
tt0120371,Tren de sombras,"7,3",NO DATA
tt0120431,Välkommen till festen,"4,5",NO DATA
tt0120061,Sanning eller konsekvens,"5,2",6
tt0120087,The Second Jungle Book: Mowgli & Baloo,"4,5",26
tt0120116,Shier lou,"6,7",3
tt0120252,Svenska hjältar,"5,3",NO DATA
tt0120306,Tempête dans un verre d'eau,"6,0",NO DATA
tt0120315,Tetto Musashino-sen,"5,8",NO DATA
tt0120316,Thank God He Met Lizzie,"5,8",44
tt0120399,U Turn,"6,7",59
tt0120338,Titanic,"7,9",84
tt0120493,The Well,"6,1",56
tt0120142,The Sixth Man,"5,6",23
tt0120266,Taafé Fanga,"7,3",17
tt0120334,Ties to Rachel,"7,5",NO DATA
tt0120394,Twin Town,"6,7",46
tt0120401,The Ugly,"6,0",40
tt0120456,Virasat,"7,4",7
tt0120036,Rosewood,"7,2",87
tt0120196,Stand-ins,"4,8",NO DATA
tt0120303,Telling Lies in America,"6,2",61
tt0120066,Sara,"6,5",NO DATA
tt0120169,Soul Food,"7,0",82
tt0120256,Sweethearts,"6,2",67
tt0120408,Unagi,"7,3",NO DATA
tt0120177,Spawn,"5,2",100
tt0120443,Viagem ao Princípio do Mundo,"6,9",83
tt0120466,Anak ng bulkan,"7,1",NO DATA
tt0120197,Star Maps,"5,6",39
tt0120461,Volcano,"5,5",49
tt0119985,Raven's Ridge,"4,9",50
tt0120102,Seven Years in Tibet,"7,1",58
tt0120189,Spring för livet,"5,7",NO DATA
tt0120204,States of Control,"6,4",60
tt0120257,Swept from the Sea,"6,7",28
tt0120405,Un frère...,"6,4",100
tt0120402,Ulee's Gold,"7,0",NO DATA
tt0120250,Sus ojos se cerraron y el mundo sigue andando,"6,8",66
tt0120427,Vaiennut kylä,"5,6",NO DATA
tt0120095,Tinseltown,"4,7",NO DATA
tt0120115,Shi wan huo ji,"6,6",NO DATA
tt0120228,Striking Resemblance,"5,1",68
tt0120241,Suicide Kings,"6,9",NO DATA
tt0120230,Strip Search,"3,9",41
tt0120514,Wilde,"6,9",72
tt0120090,Secretos del corazón,"7,0",NO DATA
tt0120224,Strategic Command,"4,2",NO DATA
tt0120265,Ta'm e guilass,"7,7",83
tt0120379,Trouble on the Corner,"4,9",5
tt0120534,Wounded,"5,5",8
tt0120520,The Wings of the Dove,"7,1",NO DATA
tt0120526,Witman fiúk,"6,7",39
tt0120551,Ziddi,"5,9",NO DATA
tt0120833,Snide and Prejudice,"6,7",30
tt0120483,The Man Who Knew Too Little,"6,6",NO DATA
tt0120565,Ørnens øje,"6,2",NO DATA
tt0122173,Mere Sapno Ki Rani,"5,0",NO DATA
tt0120546,Yukai,"6,7",NO DATA
tt0119941,The Price of Kissing,"4,5",NO DATA
tt0120490,Welcome to Sarajevo,"6,7",NO DATA
tt0120540,Yes Boss,"6,7",58
tt0119746,The Myth of Fingerprints,"6,0",60
tt0119952,Priyatel pokoynika,"6,9",NO DATA
tt0120542,Yi sheng yi tai xi,"6,8",19
tt0120532,The Woodlanders,"6,2",NO DATA
tt0120481,Washington Square,"6,7",81
tt0119937,Prefontaine,"6,8",56
tt0120010,Retúr,"7,6",NO DATA
tt0120522,Winterschläfer,"7,2",NO DATA
tt0119997,Red Meat,"5,2",NO DATA
tt0119994,Red Corner,"6,3",NO DATA
tt0120084,The Sea Wolf,"4,4",40
tt0120885,Wag the Dog,"7,1",NO DATA
tt0120030,Romaine,"7,4",NO DATA
tt0120100,The Serpent's Kiss,"5,6",38
tt0120172,Soulmates,"6,6",NO DATA
tt0120158,Soleil,"5,7",NO DATA
tt0120063,Santo Stefano,"7,6",NO DATA
tt0120034,Roseanna's Grave,"7,1",38
tt0120211,Still Breathing,"6,5",62
tt0120001,Regeneration,"7,0",NO DATA
tt0120124,"Sinon, oui","7,0",NO DATA
tt0120094,Selena,"6,8",66
tt0119977,Raigyo,"5,6",NO DATA
tt0120112,She's So Lovely,"5,9",NO DATA
tt0120120,Shitsurakuen,"6,6",NO DATA
tt0122529,Henry Fool,"7,1",17
tt0120192,Stag,"5,6",40
tt0120176,The Spanish Prisoner,"7,2",89
tt0122436,La conciergerie,"5,7",NO DATA
tt0119990,One of Our Own,"6,0",NO DATA
tt0120062,Santa Fe,"5,0",NO DATA
tt0120134,Sin querer,"6,2",6
tt0120164,Song jia huang chao,"7,0",NO DATA
tt0120101,Setouchi munraito serenade,"6,6",NO DATA
tt0120275,The Tango Lesson,"6,7",NO DATA
tt0120412,The Underground,"4,7",40
tt0120354,Topless Women Talk About Their Lives,"6,7",NO DATA
tt0120307,Tentação,"6,1",NO DATA
tt0120410,Under ytan,"6,1",NO DATA
tt0120255,The Sweet Hereafter,"7,5",NO DATA
tt0120383,"Truth or Consequences, N.M.","6,3",38
tt0120566,Az út,"8,8",NO DATA
tt0120262,Szökés,"7,2",NO DATA
tt0120385,Tsumetai chi,"6,2",NO DATA
tt0120313,O Testamento do Senhor Napumoceno,"6,6",NO DATA
tt0120329,Tic Tac,"6,7",81
tt0120332,El tiempo de la felicidad,"6,5",7
tt0120358,Touch Me,"6,0",NO DATA
tt0120304,A Tempestade da Terra,"6,3",19
tt0120311,Territorio Comanche,"6,3",NO DATA
tt0120538,Ya pian zhan zheng,"6,4",NO DATA
tt0120323,A Thousand Acres,"6,1",NO DATA
tt0120357,Touch,"5,6",33
tt0122710,Shopping for Fangs,"5,9",50
tt0120409,Uncut,"5,6",83
tt0120441,I vesuviani,"5,8",NO DATA
tt0120244,Sunday,"6,7",52
tt0120322,This Just In...,NO DATA,NO DATA
tt0120391,TwentyFourSeven,"7,0",59
tt0120521,The Winter Guest,"6,8",NO DATA
tt0120259,Silvester Countdown,"6,4",4
tt0120451,Vildängel,"5,9",NO DATA
tt0122804,Yellow,"6,0",6
tt0120636,El color de las nubes,"6,6",NO DATA
tt0123302,Tokyo biyori,"6,8",NO DATA
tt0120739,Lover Girl,"5,2",NO DATA
tt0123167,Marthas Garten,"7,2",19
tt0123001,Broos,"6,5",NO DATA
tt0122187,Nappun yeonghwa,"6,4",NO DATA
tt0121325,Nesut menya koni,"6,9",NO DATA
tt0124295,The Big One,"7,1",NO DATA
tt0123868,Giro di lune tra terra e mare,"7,7",19
tt0123983,Kiss & Tell,"4,3",NO DATA
tt0122393,Baunsu ko gaurusu,"7,1",NO DATA
tt0124312,Cenizas del paraíso,"7,5",NO DATA
tt0124393,Diliryo,"6,8",NO DATA
tt0124653,The Girl with Brains in Her Feet,"6,7",5
tt0122739,Sunsets,"6,7",NO DATA
tt0123075,Fools,"6,8",34
tt0124268,100 Proof,"6,6",60
tt0123385,Artemisia,"6,7",92
tt0124282,Ang lalaki sa buhay ni Selya,"6,6",NO DATA
tt0123013,Clandestins,"7,1",NO DATA
tt0123059,O ergenis,"5,8",NO DATA
tt0125128,The Hanging Garden,"6,9",NO DATA
tt0122614,Minerva,"4,9",86
tt0123295,La terza luna,"6,3",NO DATA
tt0123953,The Lay of the Land,"5,1",NO DATA
tt0125122,Guo dao feng bi,"7,5",NO DATA
tt0123878,Halvveis til Haugesund,"6,2",NO DATA
tt0124115,Le septième ciel,"6,5",NO DATA
tt0123755,Cube,"7,1",NO DATA
tt0124137,Sparkler,"5,5",NO DATA
tt0123707,Combat de fauves,"6,3",NO DATA
tt0123817,Edge,"6,7",62
tt0125129,Ha Noi Mua Dong 46,"7,6",NO DATA
tt0124777,Latin Boys Go to Hell,"5,1",33
tt0125058,Dancing on the Moon,"6,0",67
tt0124780,Ligaya ang itawag mo sa akin,"6,5",NO DATA
tt0125099,Fasl-e panjom,"6,9",17
tt0124028,The North End,"8,4",NO DATA
tt0123329,Xixia lu tiaotiao,"6,4",88
tt0125003,Bent familia,"7,4",19
tt0124116,Sexual Roulette,"4,1",NO DATA
tt0124208,The Waiter,"5,2",NO DATA
tt0122956,L'arche du désert,"6,1",NO DATA
tt0124123,Le siège de l'âme,"6,6",NO DATA
tt0125411,Momentos robados,"7,3",19
tt0125460,The Planet of Junior Brown,"6,2",67
tt0122648,Ovosodo,"7,3",NO DATA
tt0125594,When Passions Collide,"5,6",NO DATA
tt0124207,Vor,"7,6",88
tt0125475,Rizal sa Dapitan,"6,5",NO DATA
tt0125419,My Brother Jack,"7,4",NO DATA
tt0125551,Thirteen,"8,3",30
tt0124185,Under the Skin,"6,5",88
tt0123328,Heung Gong jai jo,"7,5",17
tt0125522,Sue,"7,2",23
tt0123956,Lebensborn,"4,9",NO DATA
tt0124179,Two Girls and a Guy,"5,5",NO DATA
tt0125429,Naneh Lala va bacheharesh,"6,6",NO DATA
tt0125464,Porzûs,"5,5",NO DATA
tt0125980,Passion in the Desert,"6,3",NO DATA
tt0125711,Cosas que dejé en La Habana,"5,9",67
tt0125950,The Night That Never Happened,"4,3",NO DATA
tt0125659,Abre los ojos,"7,7",87
tt0126351,El impostor,"7,0",5
tt0126953,Hudson River Blues,"5,8",NO DATA
tt0127497,Dancehall Queen,"6,8",85
tt0126915,For My Baby,"4,9",NO DATA
tt0127692,Motel Seoninjang,"5,1",NO DATA
tt0127468,Ban sheng yuan,"6,8",NO DATA
tt0127553,Familles je vous hais,"6,7",NO DATA
tt0127952,Unmade Beds,"6,6",73
tt0127983,Az én kis növérem,NO DATA,NO DATA
tt0126928,The Girl Gets Moe,"4,5",NO DATA
tt0126838,Chorok mulkogi,"7,0",NO DATA
tt0127288,Six Ways to Sunday,"6,3",36
tt0125996,Reclusorio,"6,5",NO DATA
tt0128133,Comedian Harmonists,"7,2",81
tt0125828,Let's Get Lost,"6,8",70
tt0126421,Mein Herz - Niemandem!,"6,3",NO DATA
tt0127608,Insignificant Others,"6,5",NO DATA
tt0126606,Pequeños milagros,"6,6",NO DATA
tt0126943,Hide and Seek,"3,8",NO DATA
tt0126622,Preku ezeroto,"7,8",NO DATA
tt0126869,The Dinner,"8,7",NO DATA
tt0126300,Il figlio di Bakunin,"7,1",NO DATA
tt0127064,Paano ang puso ko?,"7,7",NO DATA
tt0126944,Historias clandestinas en La Habana,"7,0",6
tt0127289,Sixth Happiness,"7,1",50
tt0127247,The Ride,"6,6",70
tt0126934,Gordel van smaragd,"6,9",NO DATA
tt0126973,"James Dean: Live Fast, Die Young","4,5",NO DATA
tt0127153,The Price of Desire,"5,4",NO DATA
tt0127643,The Last Road,"5,1",45
tt0126624,Purgatory County,"3,7",NO DATA
tt0129111,The Gambler,"6,3",NO DATA
tt0129075,Exit,"6,8",73
tt0129114,Gaston's War,"6,3",NO DATA
tt0126344,I Went Down,"6,8",NO DATA
tt0126956,Im Namen der Unschuld,"6,2",NO DATA
tt0128376,Nueba Yol 3: Bajo la nueva ley,"5,8",NO DATA
tt0129885,Dogstar,"6,3",5
tt0128214,"First Love, Last Rites","5,5",NO DATA
tt0130406,Krizis srednego vozrasta,"6,3",NO DATA
tt0129258,Nel profondo paese straniero,"6,7",83
tt0129806,Buscando un sueño,"7,1",NO DATA
tt0128836,Watashitachi ga suki datta koto,NO DATA,10
tt0128332,Masumiyet,"8,1",NO DATA
tt0129808,La montagne muette,NO DATA,59
tt0129525,Verspielte Nächte,"5,9",NO DATA
tt0129774,Bandyta,"6,4",NO DATA
tt0130174,Pajarico,"6,6",NO DATA
tt0130314,A Time to Revenge,"6,0",95
tt0129345,Romani kris - Cigánytörvény,"7,2",NO DATA
tt0130748,Guerra de Canudos,"6,9",42
tt0130907,Nonnebørn,"6,6",NO DATA
tt0130266,Sloneczny zegar,"6,4",NO DATA
tt0128949,Bach Cello Suite #4: Sarabande,"7,0",7
tt0130752,Gypsy Magic,"8,1",36
tt0129923,La femme de chambre du Titanic,"6,6",5
tt0129839,Confessions of a Lap Dancer,"4,7",NO DATA
tt0130064,Kroniki domowe,"6,4",19
tt0131102,De verstekeling,"7,5",19
tt0130887,Die Musterknaben,"7,1",3
tt0132889,Blossi/810551,"4,2",NO DATA
tt0131334,Cameleon,"7,5",NO DATA
tt0133028,Zi shu,"7,4",7
tt0133024,Ishq,"6,8",NO DATA
tt0132914,David Searching,"5,8",35
tt0131603,Stir,"4,5",NO DATA
tt0133162,Ptice koje ne polete,"8,0",4
tt0133059,Suen sei cho,"6,2",NO DATA
tt0133266,A világ legkisebb alapítványa,NO DATA,NO DATA
tt0133227,Tau ching nam lui,"5,9",72
tt0134828,Mosafere jonub,"6,6",NO DATA
tt0132992,Gendai ninkyoden,NO DATA,NO DATA
tt0133091,Os Matadores,"6,9",NO DATA
tt0133709,La deuda,"8,0",NO DATA
tt0133035,Jäänmurtaja,"5,5",NO DATA
tt0134836,Nan hai shi san lang,"8,1",NO DATA
tt0133826,Guru,"8,5",NO DATA
tt0133969,Milagros,"7,3",NO DATA
tt0133260,Una vida y dos mandados,"7,9",NO DATA
tt0133137,Orbis Pictus,"7,2",NO DATA
tt0133413,Il testimone dello sposo,"6,1",3
tt0134148,Tri letnja dana,"6,1",NO DATA
tt0135161,Bhai,"5,2",NO DATA
tt0133065,Liu jai yim tam ji yau kau,"4,0",NO DATA
tt0133089,Marutai no onna,"7,2",NO DATA
tt0133118,Navalha na Carne,"4,8",NO DATA
tt0133285,Yit huet jui keung,"6,5",7
tt0134912,Provocateur,"4,9",67
tt0135791,Bartender,"6,2",90
tt0134185,Sawdust Tales,"6,6",NO DATA
tt0134013,Paljas,"7,4",NO DATA
tt0134028,Afula Express,"6,7",19
tt0135649,Shin sarariiman senka,NO DATA,NO DATA
tt0134271,35 Miles from Normal,"4,7",NO DATA
tt0136554,Der Tag des Malers,"5,6",NO DATA
tt0135408,Ein Shemot Al Hadlatot,"7,4",7
tt0135505,Kleines Tropicana - Tropicanita,"7,4",85
tt0135667,Tamás és Juli,"6,4",20
tt0135650,Shvil Hahalav,"7,2",92
tt0136242,Ma Yong Zhen,"6,3",NO DATA
tt0136753,Chevrolet,"7,3",NO DATA
tt0136352,Koyla,"6,2",55
tt0136774,Crisis,"4,2",NO DATA
tt0139442,Madam Savant,"4,3",NO DATA
tt0138122,Tableau ferraille,"7,0",NO DATA
tt0139216,Floating,"6,5",NO DATA
tt0137280,"Zafiros, locura azul","7,9",NO DATA
tt0139075,Bocage - O Triunfo do Amor,"6,8",NO DATA
tt0138675,Het omgekeerde perspectief,NO DATA,NO DATA
tt0138877,Bobo und die Hasenbande 2 - Abenteuer im Wald,"5,9",5
tt0140866,The Broken Giant,"6,0",NO DATA
tt0138451,Il quarto re,"5,5",NO DATA
tt0139249,Le gone du Chaâba,"6,8",NO DATA
tt0139871,Avrio tha xeroume - Dharma Blue Bums,"5,8",NO DATA
tt0141668,La novia de medianoche,"5,7",NO DATA
tt0143626,The Marzipan Woman,NO DATA,NO DATA
tt0142521,Lal Darja,"7,0",95
tt0143131,Ben,"7,4",97
tt0142458,Kishiwada shônen gurentai: Chikemuri junjô-hen,"6,5",NO DATA
tt0142735,One,"6,1",78
tt0143231,Ha-Dybbuk B'sde Hatapuchim Hakdoshim,"7,2",71
tt0145578,With Nobody,NO DATA,NO DATA
tt0143346,Koi gokudo,"6,3",NO DATA
tt0143614,Marie Baie des Anges,"5,9",NO DATA
tt0143999,We Love You Patricia,NO DATA,NO DATA
tt0144020,Xiao Wu,"7,4",NO DATA
tt0142316,Gokudô kuroshakai,NO DATA,NO DATA
tt0143245,Fang lang,"6,8",NO DATA
tt0143751,Mar Baum,"6,8",NO DATA
tt0144260,Jugofilm,"7,0",NO DATA
tt0145046,Little Dieter Needs to Fly,"8,0",NO DATA
tt0143334,Kasaba,"7,0",72
tt0143987,The Voice of Hope,NO DATA,NO DATA
tt0143869,Shabazi,NO DATA,NO DATA
tt0144024,Yatzati L'Hapes Ahavah - Techef Ashuv,"7,9",NO DATA
tt0143838,Rishon Yiheyeh Aharon,NO DATA,NO DATA
tt0144578,Reluctant Angel,"6,2",NO DATA
tt0144125,Cadillac,"6,7",NO DATA
tt0146745,Choh chin luen hau dik yi yan sai gaai,"6,8",NO DATA
tt0147802,1999,"4,7",83
tt0149178,Stricken,"3,1",NO DATA
tt0147842,L'année du capricorne,NO DATA,NO DATA
tt0149601,Agir Roman,"7,6",NO DATA
tt0149171,Strays,"5,5",40
tt0150545,Fifth Ward,"7,0",37
tt0150492,The F-Zone,"5,9",NO DATA
tt0150509,Farba,"5,9",3
tt0151464,Mai fu,"6,7",88
tt0152278,Sanam,"4,9",NO DATA
tt0151741,The New Gods,"7,4",NO DATA
tt0154321,Hak yuk duen cheung goh: Chai sang jue yuk,"5,9",NO DATA
tt0155944,Paranoia,"4,7",NO DATA
tt0157839,Itach Lanetzach,NO DATA,58
tt0156887,Pâfekuto burû,"8,0",NO DATA
tt0158489,Biteu,"6,8",6
tt0156247,15 Months in May,"7,3",NO DATA
tt0157566,East of Hope Street,"5,8",NO DATA
tt0157553,Passion and Romance: Double or Nothing,"4,8",NO DATA
tt0156460,Defying Gravity,"6,6",NO DATA
tt0156951,Retrato de mujer con hombre al fondo,"5,7",NO DATA
tt0157053,Some Prefer Cake,"4,6",NO DATA
tt0158206,The Setting Son,"7,0",NO DATA
tt0158789,Miramar,"6,5",NO DATA
tt0160339,A Gun for Jennifer,"5,8",19
tt0160776,The Boxer 2,"6,0",80
tt0159095,Vilko dantu karoliai,"6,7",NO DATA
tt0160987,Time to Say Goodbye?,"5,8",NO DATA
tt0160539,Modré z nebe,"6,0",6
tt0159458,Geschwister - Kardesler,"6,5",NO DATA
tt0159698,Revelations,"7,8",NO DATA
tt0159507,The Kid,"5,8",49
tt0161061,La vida según Muriel,"6,7",NO DATA
tt0159506,Kau luen kei,"6,1",NO DATA
tt0160463,Libre de culpas,"6,6",6
tt0160444,Lan yue,"6,7",NO DATA
tt0162361,Hasta la victoria siempre,"6,2",5
tt0162480,Mr. & Mrs. Khiladi,"6,3",74
tt0162294,Downer,"8,1",NO DATA
tt0163089,O kyrios me ta gri,"6,4",NO DATA
tt0162878,Beep,"6,8",NO DATA
tt0163361,Tzedek muchlat,"6,5",6
tt0162900,Tábor padlych zien,"7,1",7
tt0163274,Sparkle and Charm,"7,4",82
tt0164786,Niño nadie,"5,0",NO DATA
tt0164887,Silent Cradle,"4,7",17
tt0164638,La hermana,NO DATA,NO DATA
tt0165107,Big City Blues,"3,3",NO DATA
tt0165210,The Deal,"6,5",77
tt0165414,The Others,"4,8",42
tt0165445,River Made to Drown In,"5,5",NO DATA
tt0166123,Circles,"4,8",29
tt0166280,My Dog Vincent,"5,8",NO DATA
tt0166120,El Che,"6,3",NO DATA
tt0167207,In Dark Places,"4,5",14
tt0168918,Kichiku dai enkai,"5,4",NO DATA
tt0169167,Las ratas,"5,8",NO DATA
tt0168074,Mirupafshim,"6,6",NO DATA
tt0168238,Vasiliki,"6,3",NO DATA
tt0167244,Ksiega wielkich zyczen,"7,8",NO DATA
tt0168973,Ai qing lai le,"7,6",71
tt0169557,Anima,"6,8",NO DATA
tt0169880,Shin seiki Evangelion Gekijô-ban: Shito shinsei,"7,2",NO DATA
tt0169619,Black Dawn,"4,1",NO DATA
tt0169574,Mooshak e Kaghazi,"6,5",NO DATA
tt0170541,"Passion and Romance: Same Tale, Next Year","4,8",NO DATA
tt0170624,Stikkfrí,"6,2",NO DATA
tt0169858,"Shin seiki Evangelion Gekijô-ban: Air/Magokoro wo, kimi ni","8,1",NO DATA
tt0171465,Dusting Cliff 7,"3,9",NO DATA
tt0172534,Hameshaa,"5,1",NO DATA
tt0172711,Chin long chuen suet,"5,8",NO DATA
tt0175541,Crocodile Tears,"4,8",NO DATA
tt0175807,"Keswa, le fil perdu","7,8",NO DATA
tt0176501,Bajo bandera,"5,9",NO DATA
tt0178639,Intolerance,"5,8",NO DATA
tt0178168,17 and Under,"6,5",NO DATA
tt0179290,Layar Lara,"7,9",NO DATA
tt0177578,Bullet on a Wire,"6,2",NO DATA
tt0178055,Tavalod-e yek parvaneh,"6,6",83
tt0179452,Resultado final,"3,6",NO DATA
tt0178444,Figurine,"7,7",3
tt0179338,Mektoub,"5,7",NO DATA
tt0181682,La medaglia,"5,9",NO DATA
tt0183320,Juhannustarinoita,"7,0",NO DATA
tt0183387,Lan Gui Fang 7 gong zhu,NO DATA,NO DATA
tt0183021,Dust,"7,8",8
tt0182374,Pressure Point,"2,6",NO DATA
tt0183601,Omul zilei,"6,7",NO DATA
tt0183891,Tian cai yu bai chi,"6,1",NO DATA
tt0183860,Tango je tuzna misao koja se plese,"6,3",NO DATA
tt0184878,Les sanguinaires,"6,3",17
tt0184872,Rurôni Kenshin: Ishin shishi e no Requiem,"7,3",NO DATA
tt0185417,The Last Bus Home,"5,6",70
tt0186191,Hanggang ngayon ika'y minamahal,"5,3",NO DATA
tt0184779,Ni ge mie ye chang,NO DATA,72
tt0186254,Jie qian zhuan jia,NO DATA,88
tt0185759,Yuen chuen sat hung,"4,6",58
tt0186669,Yung po giu yeung,"5,7",NO DATA
tt0187236,Laws of Deception,"4,5",NO DATA
tt0187357,No Strings Attached,"5,0",5
tt0187202,Kaun Sachcha Kaun Jhootha,"5,0",NO DATA
tt0188164,Pura Handa Kaluwara,"7,8",NO DATA
tt0189404,Vracanje,"3,2",NO DATA
tt0189066,Saving Grace,NO DATA,NO DATA
tt0189941,Pousse Cafe,"7,9",8
tt0189386,Balkanska pravila,"6,8",NO DATA
tt0189117,Yi zhi niao zi xiao jiu jiu,"7,7",NO DATA
tt0189415,O Cego que Gritava Luz,"5,9",3
tt0190369,Doces Poderes,"6,2",NO DATA
tt0190882,Yasaeng dongmul bohoguyeog,"6,1",NO DATA
tt0193177,Friction,"6,0",6
tt0194291,"Queréme así, piantao",NO DATA,NO DATA
tt0197294,Bhoothakkannadi,"7,9",NO DATA
tt0197591,Invierno mala vida,"7,5",NO DATA
tt0199669,Kaliyattam,"7,8",NO DATA
tt0201689,Ioanna s' agapo,"5,6",NO DATA
tt0202362,La furia,"4,4",NO DATA
tt0205967,Get the Hell Out of Hamtown,"8,8",7
tt0204555,Plaza de almas,"6,8",NO DATA
tt0205224,A Little Rain Must Fall,"8,2",NO DATA
tt0207964,An ju,"7,1",83
tt0214054,Kosumosu,"6,2",NO DATA
tt0212075,Cuestión de suerte,"6,2",NO DATA
tt0212940,Femeia în rosu,"6,8",NO DATA
tt0215550,Bashir,"4,6",100
tt0216559,Babae,"7,1",NO DATA
tt0216762,Fuck Hamlet,"5,0",5
tt0216563,Batang PX,"7,6",NO DATA
tt0217140,Waalo Fendo - Là où la terre gèle,"6,5",NO DATA
tt0216937,Nasaan ang puso,"8,0",8
tt0216753,Flames: The Movie,"8,1",NO DATA
tt0217660,Mohabbat,"4,9",44
tt0217671,My Night with Reg,"6,5",NO DATA
tt0219668,The Emissary: A Biblical Epic,"6,7",NO DATA
tt0221016,Berlin,"6,3",72
tt0222369,Sinans bryllup,"5,8",NO DATA
tt0223998,Hong he gu,NO DATA,71
tt0225029,Aflatoon,"4,5",20
tt0226222,Noche de ronda,"3,8",NO DATA
tt0227358,Reencuentros,NO DATA,NO DATA
tt0230496,Maldoror,"6,7",NO DATA
tt0233422,Chachi 420,"7,4",62
tt0233851,Haven,"6,6",NO DATA
tt0233358,Blue Days Lost,NO DATA,NO DATA
tt0234530,Prologue (Abhaas),"8,0",NO DATA
tt0236131,Czas zdrady,"5,3",NO DATA
tt0236304,Hollywood Safari,"4,1",17
tt0236454,Love in the First Degree,NO DATA,NO DATA
tt0236494,Mi mo kokoro mo,"5,6",NO DATA
tt0238236,Furenchi doressingu,"5,9",NO DATA
tt0239220,Aiqing mala tang,"7,0",NO DATA
tt0240841,Pyeon ji,"6,9",88
tt0241604,Jogho,"7,2",NO DATA
tt0244301,Where the Air Is Cool and Dark,"6,3",NO DATA
tt0245944,Hitler,"6,3",NO DATA
tt0246070,Master,"6,8",NO DATA
tt0247943,Backroad Diner,"5,1",NO DATA
tt0247924,Anaganaga Oka Roju,"7,2",NO DATA
tt0248497,Suswagatham,"7,1",NO DATA
tt0248042,Gokulamlo Seetha,"5,7",NO DATA
tt0251426,Tarazu,"4,1",NO DATA
tt0250122,Yeshwant,"7,2",NO DATA
tt0250128,Una luz en la oscuridad,"5,6",NO DATA
tt0249361,Annamayya,"8,0",100
tt0251107,Gundagardi,"5,9",NO DATA
tt0251356,Qahar,"3,8",NO DATA
tt0251194,Mahaanta: The Film,"4,1",NO DATA
tt0251896,Always Something Better,"4,7",NO DATA
tt0251053,Do Ankhen Barah Hath,"4,2",NO DATA
tt0251143,Insaaf: The Final Justice,"3,9",NO DATA
tt0261537,Apartheid Slave-Women's Justice,"2,0",96
tt0261730,Hei yanjing,"6,7",NO DATA
tt0261884,Osey Ramulamma,"7,9",NO DATA
tt0261338,Sei yuet sei yat,"4,5",NO DATA
tt0264691,Hoover Park,"8,1",8
tt0265479,Overture 1812,"5,4",NO DATA
tt0268584,Rokoko,"7,4",NO DATA
tt0269086,Chinnabbayi,"5,2",NO DATA
tt0269758,Raja Ki Ayegi Baraat,"3,7",NO DATA
tt0272081,Etterfølgeren,"5,4",NO DATA
tt0272583,Disoriented,"8,1",NO DATA
tt0273930,Otsnebebis sasaplao,"7,7",71
tt0274789,Minsaara Kanavu,"6,7",NO DATA
tt0275025,Up on the Roof,NO DATA,NO DATA
tt0276100,The Elastic Zenith,"6,0",6
tt0275448,Keiko desu kedo,"6,3",NO DATA
tt0276929,Drancy Avenir,"7,0",NO DATA
tt0280715,Gu huo tian tang,"4,4",NO DATA
tt0284966,Panje dar khak,"5,4",NO DATA
tt0287324,Azam,"6,5",NO DATA
tt0285997,The Ride,"6,3",70
tt0286938,Salma Pe Dil Aa Gaya,"6,0",NO DATA
tt0287065,Udaan,"3,6",NO DATA
tt0286761,Koi Kisise Kum Nahin,"6,4",NO DATA
tt0286503,Betaabi,"4,7",NO DATA
tt0286768,Köpekler Adasi,"6,7",71
tt0288678,Orestis,"8,1",4
tt0289685,Daava,"4,1",NO DATA
tt0289657,24 horas (algo está por explotar),"5,2",5
tt0290098,Varnapakittu,"5,8",NO DATA
tt0290231,Lav Kush,"6,2",NO DATA
tt0290237,Maa Nannaki Pelli,"6,5",NO DATA
tt0293886,Olgami,"6,3",NO DATA
tt0294589,Fukigen na kajitsu,"5,0",NO DATA
tt0300263,Ngã ba Dong Loc,"6,9",7
tt0301895,Steaming Milk,"7,7",NO DATA
tt0304072,Gekijôban Furandaasu no inu,"7,7",35
tt0304099,Graciadió,"6,5",NO DATA
tt0306518,Barricade,NO DATA,NO DATA
tt0306483,To athoo soma,"6,4",NO DATA
tt0312849,La journée de Wanda,NO DATA,NO DATA
tt0314176,Holiday in Seoul,"6,7",NO DATA
tt0316078,Kadhalukku Mariyadhai,"8,2",NO DATA
tt0316194,"Silna, kak smert, lyubov","3,3",NO DATA
tt0317942,Nammoora Mandaara Hoove,"7,9",NO DATA
tt0320416,"Sapucay, mi pueblo","4,7",NO DATA
tt0318729,Sulamit,"6,6",7
tt0328376,Sasori in U.S.A.,"4,9",NO DATA
tt0327956,Insyalla,"4,9",NO DATA
tt0334488,Thai Saheba,"7,5",NO DATA
tt0337145,The Sarah Balabagan Story,"6,1",NO DATA
tt0337442,Vsyo vokrug zasypalo snegom,NO DATA,NO DATA
tt0344352,Soltan,"5,2",NO DATA
tt0344497,Tufan,"5,1",NO DATA
tt0346682,Camino a Santa Fé,"7,8",NO DATA
tt0348338,Wala ka nang puwang sa mundo,"5,7",NO DATA
tt0350475,Zmeinyy istochnik,"6,6",88
tt0350720,Ciudad de Dios,"8,1",NO DATA
tt0351126,Jeevan Yudh,"5,2",NO DATA
tt0351183,Krantikari,"6,5",NO DATA
tt0354035,The Solution,NO DATA,88
tt0355169,Aaram Thamburan,"8,1",NO DATA
tt0355777,Mojezeye khandeh,"6,6",83
tt0355523,Harishyashringan,"6,5",NO DATA
tt0355663,Krishnagudiyil Oru Pranayakalathu,"6,9",NO DATA
tt0359603,Liktendzirnas,"7,2",NO DATA
