0,1,2,3,4
Anita Mui,1963,[''],"['Reparto', 'Música', 'Banda sonora']",Sin Oscar
Jean-Philippe Écoffey,1959,[''],"['Reparto', 'Dirección', 'Guion']",Sin Oscar
Filip Centkowski,No data,"['Havet stiger', 'Hotel Paradise', '2020 • 1 episodio', '2018 • 8 episodios']","['Edición', 'Reparto']",Sin oscar
In-ja Yun,No data,"['Balgan mahura', 'Iljimae pilsaui geom', 'Reparto', '1969']",['Reparto'],Sin Oscar
Kyomi Ichida,No data,"['Die Klage der Kaiserin', 'Walzer', 'Palermo Palermo - Ein Stück von Pina Bausch']",['Reparto'],Sin oscar
Vadim Glowna,1941,[''],"['Reparto', 'Dirección', 'Producción']",Sin Oscar
Jainendra,No data,"['Dharti Ki Kasam', 'Reparto', 'Reparto', '1988']",['Reparto'],Sin oscar
Suresh Gopi,1958,[''],"['Reparto', 'Música', 'Edición']",Sin Oscar
Yôko Ishino,1968,"['Gojira vs. Desutoroiâ', ""Nanba kin'yû-den, Minami no teiô: Supesharu gekijô-ban"", 'Shuto shôshitsu', 'Garo: Makaisenki', '2011 • 1 episodio']",['Reparto'],Sin oscar
Wladyslaw Dewoyno,1915,"['Lalka', 'Czerwone berety', 'Rodzina Polanieckich', '1979 • 5 episodios', '1958']",['Reparto'],Sin oscar
Yôko Asagami,1952,"['Saraba Uchû Senkan Yamato: Ai no Senshitachi', 'Waga seishun no Arcadia: Mugen kidô SSX', '1982–1983 • 17 episodios', '1977', 'Yuki Mori']",['Reparto'],Sin oscar
Toshi Shioya,2013,"['Mr. Baseball', 'Rokushukan Private Moment', '7,4', '6,9']","['Reparto', 'Dirección', 'Producción']",Sin Oscar
Lucrecia Capello,1938,[''],['Reparto'],Sin oscar
Ferdinando Murolo,1938,"['Los monstruos del terror', '¡Más fuerte, muchachos!', 'Luca el contrabandista', 'Corrupción de menores']",['Reparto'],Sin oscar
Patrick Chesnais,1946,[''],"['Reparto', 'Dirección', 'Guion']",Sin Oscar
Ameur Guerasse,No data,['Die Rückkehr aus der Wüste'],['Reparto'],Sin oscar
Marina Mayko,1970,"['Depressiya', 'Papashka i mem', 'Lyudmila', 'Reparto']",['Reparto'],Sin oscar
Masahiko Tsugawa,1940,[''],"['Reparto', 'Dirección', 'Banda sonora']",Sin Oscar
Michela Bruni,No data,No data,No data,Sin oscar
Heiko Krüger,No data,['Rückwärts laufen kann ich auch'],['Reparto'],Sin oscar
Kishore Namit,No data,"['Tridev', 'Sailaab', 'Waqt Se Pehle', 'Doctor Uncle']",['Reparto'],Sin oscar
Chin-cheng Liang,No data,"['Shao Lin zi di', 'Fang Shi Yu yu Hong Xiguan', 'Li Xiang Jun']",['Reparto'],Sin oscar
Jennifer Jo Dennis,No data,['Electra'],['Reparto'],Sin oscar
Stein Winge,1940,[''],"['Reparto', 'Equipos adicionales', 'Dirección']",Sin Oscar
Rodrigo Valverde,1970,"['Triage', 'La ciudad escondida', 'The Power of One', 'Efectos especiales']","['Reparto', 'Efectos especiales', 'Producción']",Sin oscar
Bernard Archard,1916,[''],['Reparto'],Sin oscar
Andrei Zertsalov,1951,"['Italyanets', 'Bednyy, bednyy Pavel', 'Babusya', 'Ne delayte biskvity v plokhom nastroenii']","['Producción', 'Reparto', 'Dirección de producción']",Sin Oscar
Rezo Chkhikvishvili,No data,"['Ekvtime: Man of God', 'Me davbrundebi', '9,2', 'Grand Master']",['Reparto'],Sin oscar
Isaura Espinoza,1956,[''],['Reparto'],Sin Oscar
Rafael Díaz,1936,[''],['Reparto'],Sin oscar
Lester Fletcher,1922,[''],['Reparto'],Sin oscar
Keith Hart,1952,"['Antigone/Rites of Passion', 'Stampede Wrestling', '1957', 'Self', 'Especial de TV']",['Reparto'],Sin oscar
Cissy Meddings,No data,['Strangers in Good Company'],['Reparto'],Sin Oscar
Khommat Mullyk,No data,"['Derevo Dzhamal', 'Lyusya', 'Magtymguly', 'Beki(as K. Mullyk)']",['Reparto'],Más en IMDbPro
Ruth McCabe,No data,[''],"['Reparto', 'Banda sonora']",Más en IMDbPro
Silvio Facchin,No data,"['Antigone/Rites of Passion', ""Ze'Eva Cohen & Dancers: Five Performance Pieces by the Ze'Eva Cohen Dancers from 1973-1987""]",['Reparto'],Sin oscar
Aleksey Poluyan,1965,[''],['Reparto'],Sin Oscar
Alexander Radszun,1952,"['Vida oculta', 'Der Bastard', '1989 • 1 episodio', 'Walter Bielstock', 'Junger Soldat(as Alexander Radzun)']",['Reparto'],Sin oscar
Shawn Weatherly,1959,[''],['Reparto'],Nominado para 1 premio Primetime Emmy
Lenka Termerová,1947,[''],"['Reparto', 'Banda sonora']",Sin Oscar
Marianne Ahrne,1940,"['Långt borta och nära', 'Frihetens murar', 'På liv och död', 'Fem dagar i Falköping']","['Dirección', 'Equipos adicionales', 'Guion']",Sin Oscar
Jason Lively,1968,[''],"['Reparto', 'Dirección', 'Cámara y electricidad']",Sin Oscar
Orlando Sacha,1929,"['Ultra Warrior', 'María Rosa, búscame una esposa', '2000 • 117 episodios', '1988', '1991']",['Reparto'],Sin oscar
Luigi Di Fiore,1964,"['The International: Dinero en la sombra', 'Una habitación con vistas', 'Taxi Lovers', 'Cellini, una vida violenta']","['Reparto', 'Dirección']",Sin oscar
Wayne Pére,1965,[''],"['Reparto', 'Producción', 'Dirección']",Sin oscar
Petar Slabakov,1923,"['Pleneno yato', 'Sladko i gorchivo', 'Zlatnata reka', 'Hindemidth']",['Reparto'],Sin Oscar
Bess Finney,No data,"['Forever Young, Forever Free', 'Impacto total', 'The Spots on My Leopard', 'Black Terrorist']",['Reparto'],Sin oscar
Lukasz Drozdowski,No data,"['Chce mi sie wyc', ""Kaj's fødselsdag""]",['Reparto'],Sin oscar
Ione Skye,1970,[''],"['Reparto', 'Guion', 'Dirección']",Sin Oscar
Imogen Claire,1943,[''],"['Reparto', 'Equipos adicionales']",Sin oscar
Dalila Di Lazzaro,1953,[''],['Reparto'],Sin oscar
Beverly Vergel,No data,[''],"['Reparto', 'Dirección', 'Producción']",Más en IMDbPro
Pete Randall,No data,"['El principiante', 'Airwolf: Helicóptero', '1985 • 1 episodio', '2010', 'Bartender']",['Reparto'],Sin oscar
Alessandro Benvenuti,1950,"['Belle al bar (Julio-Julia)', 'Ad ovest di Paperino', 'Ivo il tardivo', 'I miei più cari amici']","['Reparto', 'Dirección', 'Guion']",Sin Oscar
Heinrich Ebber,1964,"['Fraktus - Das letzte Kapitel der Musikgeschichte', 'Stand Up', 'Fleisch ist mein Gemüse', 'Neo Magazin', '2017 • 1 episodio']","['Reparto', 'Música', 'Guion']",Sin Oscar
Chôsuke Ikariya,1931,"['Odoru daisosasen', 'Los sueños de Akira Kurosawa', 'Odoru daisosasen', '1997 • 11 episodios', '2003']",['Reparto'],Sin Oscar
Romuald Jarny,No data,['La fractura de miocardio'],['Reparto'],Sin oscar
Sonia Viviani,1958,"['Fabricantes de pánico', 'La invasión de los zombies atómicos', ""L'ave Maria (L'artista)"", 'Sombra sangrienta']",['Reparto'],Sin oscar
Lina Santos,No data,"['Querida enemiga', '2008 • 16 episodios', '1988', '1990']",['Reparto'],Sin oscar
Ralf Lindermann,1960,"['Hallo, Onkel Doc!', '1994–1998 • 67 episodios', 'Dr. Max HenningGregor Henning', 'Hanno Schramm', 'Serie de TV']",['Reparto'],Sin oscar
Aleksander Fabisiak,1945,"['Teatr Telewizji', '1959–2008 • 8 episodios', '1977', '1992', '1996']",['Reparto'],Sin oscar
Yelena Seropova,No data,"['Kumir', 'Legenda Serebryanogo ozera', 'Bag mövsümü', 'Poyezdka v Visbaden']",['Reparto'],Sin oscar
Vladimir Rogozhin,No data,['Vospominanie bez daty'],['Reparto'],Sin oscar
Gábor Máté,No data,"['The Wisdom of Trauma', 'Guerra contra las drogas', 'The Invisible Class', 'Vine of the Soul: Encounters with Ayahuasca']",No data,Sin oscar
Priscilla Pointer,No data,No data,No data,Sin oscar
Adrianne Sachs,1957,[''],['Reparto'],Sin oscar
Robert Ground,No data,"['Frenético', 'Agente doble en Berlín', 'Pecados', '1986 • 1 episodio']",['Reparto'],Sin oscar
Dermot Mulroney,1963,[''],"['Reparto', 'Música', 'Producción']",Sin Oscar
Mohamad Ali Keshavarz,1930,[''],['Reparto'],Sin oscar
Yau Kwong Chen,No data,"['Shen jing da xia', 'Do san', 'Tou shou zai', '4,6']","['Reparto', 'Cámara y electricidad']",Sin oscar
Brigitte Roüan,1946,"['Outremer', 'Post coïtum animal triste', 'Grosse', 'Olivier, Olivier']","['Reparto', 'Dirección', 'Guion']",Sin Oscar
Renaud Ménager,No data,"['La grande collection', '1993 • 1 episodio', '2000', '1993', '1994']",['Reparto'],Sin oscar
Luis Rey,1967,[''],"['Reparto', 'Guion', 'Producción']",Sin Oscar
Vlastimil Zavrel,1954,[''],['Reparto'],Sin oscar
Guillermo Ivan,1981,[''],"['Reparto', 'Producción', 'Dirección']",Sin Oscar
Elena Popova,1956,[''],['Reparto'],Sin Oscar
Michèle Simonnet,No data,"['George qui?', 'Bernadette', 'La ville des silences', ""En l'absence du peintre""]","['Reparto', 'Dirección de arte']",Sin oscar
Miguel Simão,No data,['O Som da Terra a Tremer'],['Reparto'],Sin oscar
Chris Elbert,1963,"['Forgive Me Father', 'Ballbuster', 'Mental Scars', '2009']",['Reparto'],Sin oscar
Jürgen Cziesla,1931,"['Wie eine Träne im Ozean', '1970 • 1 episodio', 'San Gottardo', 'Der Stumme']",['Reparto'],Sin oscar
Lyudmila Efimenko,1951,[''],"['Reparto', 'Dirección', 'Guion']",Sin Oscar
Carmen Amezcua,1962,"['Caminos cruzados', '1995 • 67 episodios', 'Digna del Olmo', 'Serie de TV', '6,7']",['Reparto'],Sin oscar
Josse De Pauw,1952,[''],"['Reparto', 'Guion', 'Dirección']",Sin Oscar
Frantisek Kovárík,1886,[''],['Reparto'],Sin oscar
Taiko Shinbashi,1944,"['Las hermanas Makioka', 'Fureai', '7,9', 'Kôfuku']",['Reparto'],Sin oscar
Yeo-jin Jin,1997,[''],['Reparto'],Sin Oscar
Deben Bhattacharya,No data,"['Abir', '6,0', 'Serie de TV']",['Reparto'],Sin oscar
Aleksey Guskov,1958,[''],"['Reparto', 'Producción']",Sin Oscar
Kader Khan,1937,[''],"['Reparto', 'Guion', 'Producción']",Sin Oscar
Ramaz Chkhikvadze,1928,[''],['Reparto'],Sin Oscar
Mark Howard,2021,[''],No data,Sin oscar
Tung-Shing Yee,1957,[''],"['Reparto', 'Dirección', 'Producción']",Sin Oscar
Won-seok Jeon,No data,[''],"['Reparto', 'Composición']",Sin oscar
Boris Novikov,1925,[''],['Reparto'],Sin Oscar
Chema Mazo,No data,[''],['Reparto'],Sin oscar
John Baker,No data,[''],['Reparto'],Más en IMDbPro
Selva Alemán,1944,[''],"['Reparto', 'Producción']",Sin Oscar
Jo Champa,1968,[''],"['Reparto', 'Producción']",Sin oscar
Allison Parisi,No data,[''],['Reparto'],Sin oscar
Mitchell Riggs,No data,"['Kaaterskill Falls', 'Alien Uprising', '2008', 'Mulberry St']","['Reparto', 'Cámara y electricidad', 'Edición']",Más en IMDbPro
Malou De Guzman,No data,[''],"['Reparto', 'Banda sonora']",Más en IMDbPro
Sumitra Mukherjee,1949,[''],"['Reparto', 'Música']",Sin oscar
Vladimir Kashpur,1926,[''],['Reparto'],Sin Oscar
Cristine Frischnertz,No data,"['Flor de pasión', 'Any Time, Any Play']",['Reparto'],Sin oscar
Günter Junghans,1941,[''],['Reparto'],Sin oscar
Nayer Mohseni Zonoozi,No data,['Primer plano'],['Reparto'],Sin oscar
Anatoliy Ivanov,1939,"['Telokhranitel', 'Za pyat sekund do katastrofy', '4,6', '4,8']","['Dirección', 'Guion']",Sin oscar
Antal Cserna,1963,"['Haggyállógva Vászka', 'Grito al amanecer', 'Tüzvonalban', '2007–2010 • 69 episodios', '1997']",['Reparto'],Sin Oscar
Jiaqing Ding,No data,['Printemps perdu'],['Reparto'],Sin oscar
Rina Reyes,No data,[''],"['Reparto', 'Producción']",Más en IMDbPro
Givi Khakhidze,No data,"['Didostatis Marjvena', 'Alka', '8,6', 'Reparto']",['Reparto'],Sin oscar
Jean-François Perrier,No data,"['Delicatessen', 'Timadoras compulsivas', 'El misterio de Laura', 'El viaje del capitán Fracassa']","['Reparto', 'Banda sonora']",Más en IMDbPro
Alexander Folk,1946,[''],['Reparto'],Sin oscar
Mónica Carrasco,1974,[''],"['Reparto', 'Producción', 'Composición']",Sin Oscar
Svetlana Kharitonova,1932,[''],['Reparto'],Sin oscar
Shammi,1931,[''],"['Reparto', 'Dirección']",Sin Oscar
Richie Havens,1941,[''],"['Reparto', 'Composición', 'Guion']",Sin oscar
Sven Wollter,1934,[''],"['Reparto', 'Guion', 'Producción']",Sin Oscar
John Boswall,1920,[''],"['Reparto', 'Banda sonora']",Sin oscar
Bebe Drake,No data,[''],"['Reparto', 'Producción']",Más en IMDbPro
Ruby Dee,1922,[''],"['Reparto', 'Guion', 'Banda sonora']",Nominado para 1 premio Óscar
Peter Prager,1952,[''],['Reparto'],Sin oscar
Luis Guevara,1926,"['El valiente vive... hasta que el cobarde quiere', 'Traigo la sangre caliente', 'Un hombre violento', 'Mataron a Camelia la Texana']","['Reparto', 'Dirección de producción', 'Equipos adicionales']",Sin oscar
Emine Vilma Arapkirli,No data,['Bütün Kapilar Kapaliydi'],['Reparto'],Sin oscar
Claudia Geisler-Bading,1965,[''],['Reparto'],Sin oscar
Dick Sargent,1930,[''],"['Reparto', 'Banda sonora']",Sin Oscar
Anniken Krogstad,No data,"['Mammon', '2014 • 6 episodios', '2006', '2009', '2004']",['Sonido'],Sin oscar
Horst-Joachim Berodt,No data,"['Winckelmanns Reisen', 'Drachenfutter']",['Reparto'],Sin oscar
Janine Veeren,1947,"['Ava & Gabriel - Un historia di amor', 'Bureau Kruislaan', '1993 • 1 episodio', '1975 • 2 episodios', 'Vrouw op straat']",['Reparto'],Sin oscar
Ashokan,No data,[''],['Reparto'],Más en IMDbPro
Garry McDonald,1948,[''],"['Reparto', 'Guion', 'Banda sonora']",Sin Oscar
Cüneyt Arkin,1937,[''],"['Reparto', 'Guion', 'Dirección']",Sin Oscar
George Simonelli,1948,"['Kick of Death', 'Sno line, la ruta de la cocaína', 'Una mujer peligrosa', 'Battling Amazons', '1987']","['Reparto', 'Casting', 'Equipos adicionales']",Sin oscar
Lolita Chatterjee,2018,[''],['Reparto'],Sin oscar
Ricky Wong Chun-Tong,No data,"['El asesino', 'Luk ding gei', '1998', '1989', '1990']",['Reparto'],Más en IMDbPro
Jari Järvimaa,No data,"['Tropic of Ice - Jään kääntöpiiri', 'Vares - Sukkanauhakäärme', 'Raja 1918', 'Riisuminen']",['Reparto'],Sin oscar
Radko Polic,1942,"['Idealist', 'Balkan ekspres', 'Balkan ekspres 2', '1989 • 10 episodios', '1989']",['Reparto'],Sin Oscar
Gökhan Mete,1945,"['Neseli Günler', 'Ates Böcegi', 'Alev Gibi', 'Doktorlar', '1989 • 2 episodios']",['Reparto'],Sin oscar
Hossein Kasbian,1933,"['The Hostage', 'Parvande', '4,6', '7,4']",['Reparto'],Sin oscar
Jesper Gredeli Jensen,1971,"['Springflod', 'Los chicos de San Petri', 'Strisser på Samsø', '1998 • 1 episodio']",['Reparto'],Sin oscar
Lance Henriksen,1940,[''],"['Reparto', 'Producción', 'Equipos adicionales']",Sin Oscar
Sema Aybars,No data,"['Arka Sokaklar', '2008–2009 • 30 episodios', '1990', '2009', 'Reparto']",['Reparto'],Sin oscar
Henriette Fenda,No data,"['Dôlè', 'Clando', 'Sango Malo']","['Reparto', 'Guion y continuidad']",Sin oscar
Beom-ki Kim,No data,"['Daepyogaek', 'Reparto', '1972', '1993']",['Reparto'],Sin oscar
Alessandra Acciai,1965,"['Anni ribelli', 'La più bella musica dopo Mozart', 'Producción', 'Serie de TV']","['Reparto', 'Producción', 'Guion']",Sin Oscar
Kate Capshaw,1953,[''],"['Reparto', 'Producción', 'Dirección de arte']",Sin Oscar
Angela Walsh,No data,[''],['Reparto'],Sin oscar
Elio Marchi,No data,"['El amor es una mujer gorda', 'La neutrónica explotó en Burzaco', 'El hombre que ganó la razón', 'Luba']",['Reparto'],Sin oscar
Christopher Plummer,1929,[''],"['Reparto', 'Producción', 'Música']",Ganó 1 premio Óscar
Elizabeth Gracen,1961,[''],"['Reparto', 'Producción', 'Dirección']",Sin Oscar
Chi Man Ho,No data,"['Ban wo chuang tian ya', 'Una bala en la cabeza', 'City on Fire', 'Mr. Canton & Lady Rose - Gángster para un pequeño milagro']",['Reparto'],Más en IMDbPro
Daniel Villanova,No data,"['Roulez jeunesse!', 'Point sublime', 'El pequeño criminal', ""L'or du diable"", '1989 • 1 episodio']",['Reparto'],Sin oscar
Frank R. Roach,No data,"['Mi querido mafioso', 'Black Ghost', 'El vagabundo de las islas', '1962 • 1 episodio']",['Reparto'],Sin oscar
Kaoru Mizuki,1959,"['Gensen-Kan Shujin', 'Kamen raidâ Hibiki', '2005–2006 • 23 episodios', '2003', '2007']",['Reparto'],Sin Oscar
Antonio Appierto,1925,"['Porte aperte', 'Amarsi può darsi']",['Reparto'],Sin oscar
Yvette Petit,1937,"['La ciencia del sueño', 'Valmont', 'El grito de la lechuza', 'Germinal']","['Reparto', 'Equipos adicionales']",Sin oscar
Aage Haugland,1944,"['Parsifal', 'Sirup', 'Der Rosenkavalier', '1994', 'Varlaam']",['Reparto'],Sin oscar
Alan Arkin,1934,[''],"['Reparto', 'Dirección', 'Guion']",Ganó 1 premio Óscar
Vladimír Jedlovsky,1951,[''],['Reparto'],Sin oscar
Laimonas Noreika,1926,[''],['Reparto'],Sin oscar
Hanna Schygulla,1943,[''],"['Reparto', 'Dirección', 'Guion']",Sin Oscar
Galina Dauguvietyte,1926,"['Mano mazyte zmona', 'Laimingas laimes nerades', 'Ilga kelione prie juros', 'Den ryby']",['Reparto'],Sin oscar
Salma Agha,No data,"['Nikaah', 'Lion', 'Pati Patni Aur Tawaif', 'Bhabhi Dian Choorian']","['Reparto', 'Música', 'Producción']",Más en IMDbPro
Konstantin Dzhidrov,1930,"['Almas condenadas', 'Pradedi i pravnutzi', 'Tyutyun', 'Cuerno de cabra']","['Diseño de producción', 'Dirección de fotografía y cámara', 'Dirección']",Sin Oscar
Rolf Dietrich,No data,"['Die kommenden Tage', 'En el lugar del crimen', '2011 • 1 episodio', 'Arte', 'Arte']","['Arte', 'Transporte']",Sin oscar
Véronique Müller,No data,"['Brot und Steine', 'Die schwarze Spinne', 'Festival de Eurovisión 1980', '1980', 'Banda sonora(""C\'est la Chanson de mon Amour"")']","['Composición', 'Diseño de vestuario', 'Banda sonora']",Sin oscar
Anja Sovagovic-Despot,1963,"['Sto je Iva snimila 21. listopada 2003.', 'Plavi cvijet', 'Obiteljska stvar', '1998 • 8 episodios', '1990']",['Reparto'],Sin Oscar
Jean Davy,1911,"['Sueños de príncipe', 'Cartouche, roi de Paris', 'La máscara de hierro', 'La princesse du rail', '1967 • 18 episodios']","['Reparto', 'Equipos adicionales']",Sin oscar
Nordin Kadri,No data,"['Seman', '6,3']",['Reparto'],Sin oscar
Vladimir Fateyev,No data,['Mat'],['Reparto'],Sin oscar
Brian Doyle-Murray,1945,[''],"['Reparto', 'Guion', 'Música']",Nominado para 3 premios Primetime Emmy
Seiko Kitamura,No data,['Shi no toge'],['Reparto'],Sin oscar
Alice Diabo,2002,['Strangers in Good Company'],['Reparto'],Sin Oscar
Reza Khandan,1953,"['Dandan-e-mar', 'Shoore Eshgh', 'Do zan', 'Gomshodegan']",['Reparto'],Sin oscar
Alejandra Caicedo,No data,"['Devuélveme La Noche', '2022']",['Producción'],Sin oscar
Olga Land,No data,"['Model', 'Kids vs Fear', 'Tayna «Beloy vorony»', 'Bumazhnye glaza Prishvina']","['Dirección', 'Guion', 'Reparto']",Sin oscar
Lily Chung,1964,"['You sha cuo mao ai cuo', 'Reparto', 'Yee Man', '2001']","['Reparto', 'Equipos adicionales']",Sin oscar
Bo Hopkins,1938,[''],"['Reparto', 'Producción']",Sin Oscar
Rob McManus,No data,"['The Cat Lady', '2012', '1990', 'Rob McManus']",['Reparto'],Sin Oscar
Marco Muñoz,No data,"['Theseus and the Minotaur', 'House of the Gorgon', 'The Fungus Among Us', '2018']",['Reparto'],Sin oscar
Jessica Lange,1949,[''],"['Reparto', 'Producción', 'Banda sonora']",Ganó 2 premios Óscar
Jimmy Williams,abril,"['Star Trek: La película', 'Shadow of the Dragon', 'The Education of a Vampire', 'Lucky You']","['Reparto', 'Producción', 'Dirección de fotografía y cámara']",Sin oscar
Mahshid Afsharzadeh,1965,"['Donyaye Ayandeh', 'Reparto', 'Parvin', 'Reparto']","['Reparto', 'Dirección']",Sin oscar
Ronnie Masterson,1926,"['Byzantium', 'Las cenizas de Ángela', 'Bloom', 'ITV Saturday Night Theatre', '1971 • 1 episodio']",['Reparto'],Sin oscar
Naomi Nakano,No data,"['El cazador de la bruja', '2007 • 4 episodios', 'Arte', 'Arte', 'Animación(Studio Road)']","['Arte', 'Animación', 'Equipos adicionales']",Sin oscar
Bannai Matsuo,No data,"['Boiling point (Punto de ebullición)', 'Funky Monkey Teacher', 'Security', 'Reparto']",['Reparto'],Sin oscar
Steen Svare,1955,"['Sirup', 'Italiano para principiantes', ""Kaj's fødselsdag"", 'Beat i Saltlageret']","['Reparto', 'Música']",Sin Oscar
Salih Kirmizi,1954,"['Avrupa Macerasi / Alo Polis', 'Reparto', 'Tamer', '1988']",['Reparto'],Sin oscar
Annie Cordy,1928,[''],"['Reparto', 'Banda sonora']",Sin Oscar
Bruce Grossberg,No data,"['On the Air', '1992 • 1 episodio', 'Super', 'Norman', 'Serie de TV']",['Reparto'],Sin oscar
Gabriel Godínez,No data,"['En el punto de mira', 'Resident Evil: Extinción', 'Super Nacho', 'Piel de otoño', '2005 • 87 episodios']","['Especialistas', 'Reparto', 'Equipos adicionales']",Sin oscar
Paul Ben-Victor,1965,[''],"['Reparto', 'Guion', 'Producción']",Sin oscar
Hsiu-ling Wang,No data,['Wu ge nu zi he yi gen sheng zi'],['Reparto'],Sin oscar
Carlos Martins Medeiros,1945,"['Porto Santo', 'O Barco e o Sonho', 'Viúva Rica Solteira Não Fica', 'Adriana']","['Reparto', 'Composición']",Sin oscar
Ihor Procak,No data,"['Demasiado hermosa para vivir', 'Kanadiana', 'Starwatchers', '1997', '1990']","['Reparto', 'Guion', 'Dirección de producción']",Sin oscar
Bonnie Paine,No data,[''],['Banda sonora'],Sin oscar
Anatoli Lukyanenko,1959,[''],['Reparto'],Sin oscar
Pamela Brull,1953,[''],['Reparto'],Sin oscar
Delroy Lindo,1952,[''],"['Reparto', 'Producción', 'Banda sonora']",Sin Oscar
Ron Dean,1938,[''],['Reparto'],Sin Oscar
Anita Raj,1962,[''],"['Reparto', 'Producción']",Sin Oscar
David Danino,No data,"['One More Round', 'Danny Nahman', 'Cámara y electricidad', 'Producción']","['Reparto', 'Cámara y electricidad', 'Producción']",Sin oscar
Assumpta Serna,1957,[''],"['Reparto', 'Producción', 'Dirección']",Sin Oscar
Yung-Ping Chow,No data,"['Qing ren zhi ji', 'Wu niu']","['Reparto', 'Equipos adicionales']",Sin oscar
Nedumudi Venu,1948,[''],"['Reparto', 'Guion', 'Música']",Sin Oscar
Marie-Stéphane Gaudry,No data,[''],['Reparto'],Más en IMDbPro
Rasshâ Itamae,No data,"['Boiling point (Punto de ebullición)', 'Minnâ-yatteruka!', 'Ippatsugyakuten!! Bakuso torakka gundan', 'Sanbiki no ossan', '2017 • 1 episodio']",['Reparto'],Sin oscar
Jeroen Baudion,No data,['De grot van Plato'],['Reparto'],Sin oscar
Jorge Herrera,No data,"['Todos tus muertos', ""Hangman's Game"", 'Yo soy Betty, la fea', '1999–2001 • 335 episodios', 'Manuel']","['Reparto', 'Guion']",Sin Oscar
Roberto Accornero,1957,[''],['Reparto'],Sin Oscar
Roman Klosowski,1929,[''],"['Reparto', 'Guion']",Sin oscar
Nihat Ileri,1955,"['Kurtulus', '1994 • 2 episodios', '2001', 'NarratorThe man with dog', 'Gravedigger']",['Reparto'],Sin Oscar
Don Scribner,No data,[''],"['Reparto', 'Música', 'Guion']",Más en IMDbPro
Wei Tung,No data,[''],"['Reparto', 'Especialistas', 'Equipos adicionales']",Más en IMDbPro
Eva-Maria Hagen,1934,[''],"['Reparto', 'Música', 'Banda sonora']",Sin oscar
Andrew Bloch,1951,[''],"['Reparto', 'Equipos adicionales']",Sin oscar
Ferenc Némethy,1926,"['Aelita', '1980', 'Metternich', 'Serie de TV', '6,8']",['Reparto'],Sin oscar
Jin-yeong Choi,No data,"['Jung_E', 'Alice in Borderland', '2022 • 3 episodios', 'Efectos visuales(GIANTSTEP)']",['Efectos visuales'],Sin oscar
Lynne Seus,1944,"['El desafío', 'Big Fish', 'Hacia rutas salvajes', 'De perdidos al río']","['Equipos adicionales', 'Reparto', 'Especialistas']",Sin oscar
Åke Lindman,1928,[''],"['Reparto', 'Dirección', 'Guion']",Sin Oscar
Maria Grammatikou,No data,['Despoina'],['Reparto'],Sin oscar
Eriq La Salle,1962,[''],"['Reparto', 'Producción', 'Dirección']",Nominado para 3 premios Primetime Emmy
Tessa Wyatt,1948,[''],['Reparto'],Sin oscar
Alexandre Mnouchkine,1908,"['El nombre de la rosa', 'Historia de una revolución', 'El profesional', 'Predskazaniye']","['Producción', 'Reparto', 'Dirección de producción']",Sin Oscar
Ga-Ling Kung,No data,"['Cheng shi pan guan', '4,6', '5,7', '4,2']",['Reparto'],Sin oscar
Mikhail Golubovich,1943,[''],['Reparto'],Sin Oscar
Homayoon Mokammaei,No data,['Shabhaye Zayendeh-Rood'],['Reparto'],Sin oscar
Hrothgar Mathews,1964,[''],"['Reparto', 'Arte', 'Banda sonora']",Sin Oscar
José María Lucena,No data,"['Ovejas negras', 'Así en el cielo como en la tierra', 'Hora once', 'Teatro de siempre']",['Reparto'],Sin oscar
Amy Irving,1953,[''],"['Reparto', 'Producción', 'Música']",Nominado para 1 premio Óscar
Suhas Palshikar,No data,[''],['Reparto'],Más en IMDbPro
Yuriel Adrián,No data,"['Milagro en el barrio', 'Vivir o morir']",['Reparto'],Sin oscar
Min-oe Kim,No data,['Keduldo urichurum'],['Reparto'],Sin oscar
Miki Oikawa,No data,"['Ocean Girl', '1994–1996 • 27 episodios', 'Etsuko Saikawa', 'Serie de TV', '5,9']","['Reparto', 'Dirección de producción']",Sin oscar
Reni Vrangova,1965,"['Lyubovnoto lyato na edin lyokhman', 'Zavartete vsichki sferi', 'Maria', '2014']",['Reparto'],Sin oscar
Clint Eastwood,1930,[''],"['Reparto', 'Producción', 'Dirección']",Ganó 4 premios Óscar
Shui-Wai Au,No data,"['Dei tau lung', 'Take Top', '6,0', '7,7']",['Reparto'],Sin oscar
Viktor Gvozditsky,1952,[''],['Reparto'],Sin Oscar
Audrey Morgan,2016,"['Shameless', '2013 • 1 episodio', '2015', '2010', 'Grandma RoseMary']",['Reparto'],Sin oscar
Ronald Yamamoto,No data,"['Cocodrilo Dundee II', 'Wall Street', 'Wonderland', '2000 • 1 episodio', '1990']","['Reparto', 'Banda sonora']",Sin oscar
Christopher Cummins,No data,"['Anzacs, la guerra de las antípodas', '1985 • 5 episodios', 'Jim Marston', 'Serie de TV', '7,3']",['Reparto'],Sin oscar
Pedro Fernández,1969,"['Hasta el fin del mundo', '2014 • 80 episodios', '5,8', '6,7']","['Reparto', 'Guion', 'Banda sonora']",Sin oscar
Joey Kennedy,1962,"['Lost', '2000', '1982', '1996', '1985']","['Reparto', 'Dirección de la segunda unidad o asistencia a dirección', 'Dirección']",Sin Oscar
Antonio Raxel,1922,"['La vida de Chucho el Roto', 'Los miserables', '1973 • 1 episodio', 'La venganza de Don Herculano']",['Reparto'],Sin oscar
Jackie Chan,1954,[''],"['Producción', 'Reparto', 'Especialistas']",Sin Oscar
Martha Ortiz,No data,"['Marisol', '1996 • 4 episodios', 'Terror y encajes negros', 'El brazo mortal']",['Reparto'],Sin oscar
Caroline Aaron,1952,[''],"['Reparto', 'Producción', 'Equipos adicionales']",Sin Oscar
William Berger,1928,[''],['Reparto'],Sin oscar
Björn Kjellman,1963,[''],"['Reparto', 'Banda sonora']",Sin Oscar
Norman Fell,1924,[''],"['Reparto', 'Banda sonora']",Nominado para 1 premio Primetime Emmy
Lars Lohmann,1948,"['Absalons hemmelighed', '2006 • 10 episodios', '1987', '1993', '1994 • 3 episodios']","['Reparto', 'Banda sonora']",Sin oscar
Erik Ruus,1962,"['Ramona', '2003 • 1 episodio', '2010', '1988', '2005']",['Reparto'],Sin oscar
Stéphane Bignon,No data,"['Nouvelles de Marcel Aymé', 'Le tronc', 'Ángeles con caras sucias', 'Ville à vendre']",['Reparto'],Sin oscar
Michael Moriarty,1941,[''],"['Reparto', 'Guion', 'Música']",Ganó 4 premios Primetime Emmy
Brian M. Logan,No data,"['El amor está en el aire', 'Escape de Absolom', 'Struck by Lightning', 'La historia de Lilian']",['Reparto'],Sin oscar
Hye-ri Ahn,No data,['Saebyeokeul gaeuriroda'],['Reparto'],Sin oscar
Turgut Yalçin,No data,"['Madde 438', 'Baba Yüregi', '4,0', '6,6']",['Reparto'],Sin oscar
Gabrielle Danchick,No data,['Senderos de la mente'],['Reparto'],Sin oscar
Alessandra Di Sanzo,1969,"['Chicos de la calle', 'Rejas de cristal', 'Vera', 'Errore fatale']",['Reparto'],Sin Oscar
Jeff Daniels,1955,[''],"['Reparto', 'Producción', 'Guion']",Ganó 2 premios Primetime Emmy
Fumio Tokita,No data,"['La anguila', 'Uchuu no hosoku']",['Reparto'],Sin oscar
Vitalba Andrea,1958,[''],['Reparto'],Sin oscar
Valentin Santana,No data,"['Vida Express', 'Reparto', 'Joven I', '1987']","['Reparto', 'Dirección', 'Producción']",Sin oscar
Max Morel,No data,"['El beso del dragón', 'Cuenta atrás', 'Eye of the Widow', 'Signature', '2011 • 2 episodios']","['Reparto', 'Dirección de casting', 'Casting']",Sin oscar
Giuseppe Calcagno,No data,"[""L'odore della notte"", 'Scene di Bohème', '6,6', 'Aclá']",['Reparto'],Sin oscar
Masanori Ikeda,No data,"['Kenshin, el guerrero samurái', '1997 • 3 episodios', 'Shishio Makoto(voz)', 'Serie de TV', '7,9']","['Reparto', 'Banda sonora']",Sin oscar
Susan Africa,1959,[''],['Reparto'],Sin Oscar
Shmuel Brold,No data,"['Telecinema', ""Ahavata Ha'ahronah Shel Laura Adler""]","['Dirección de fotografía y cámara', 'Reparto']",Sin oscar
Fariba Kowsari,1966,"['Eblis', '6,3', '2,4', '2,5']","['Reparto', 'Producción']",Sin oscar
Hye-geun Lee,No data,"['xxxHOLiC: La película - Sueño de una noche de verano', 'Gekijô ban tenisu no ôji sama: Atobe kara no okurimono - Kimi ni sasageru tenipuri matsuri']",['Animación'],Sin oscar
Diana Quijano,1962,"['Ultra Warrior', 'Crime Zone', 'Niñas mal', '2010 • 1 episodio', ""Lucero 'Lulú' Ríobueno""]",['Reparto'],Sin oscar
William Ghent,No data,"['Rambo: Acorralado - Parte II', 'Chinatown Connection', 'Extorsión', 'Night of the Kickfighters']",['Reparto'],Sin oscar
Nick Nicholson,1952,"['Platoon', '2086 Apocalipsis', 'Rage', 'Unidos por el odio']","['Reparto', 'Dirección de casting', 'Casting']",Sin Oscar
Cok van der Lee,No data,"['Behzat Ç.: An Ankara Policeman', '2010–2011 • 2 episodios', 'Pascal', 'Serie de TV']","['Cámara y electricidad', 'Reparto']",Sin oscar
Michael Wai-Man Chan,1946,[''],"['Reparto', 'Especialistas', 'Dirección']",Sin Oscar
Todd Jensen,No data,[''],['Reparto'],Más en IMDbPro
Kaljo Kiisk,1925,[''],"['Reparto', 'Dirección', 'Guion']",Sin Oscar
Adalberto Martínez,1916,[''],"['Reparto', 'Guion', 'Banda sonora']",Sin Oscar
Luis Otavio,No data,"['Ciudad de Dios', 'Ciudad de Dios: 10 años después', 'Cidade de Deus: Oficina de Atores', '2003']",['Reparto'],Sin oscar
Taylor Nichols,1959,[''],"['Reparto', 'Producción', 'Dirección']",Sin oscar
Cooper Huckabee,1951,[''],['Reparto'],Sin oscar
Min-su Choi,1962,[''],['Reparto'],Sin Oscar
Bette Midler,1945,[''],"['Reparto', 'Producción', 'Guion']",Nominado para 2 premios Óscar
Béatrice Dalle,1964,[''],"['Reparto', 'Banda sonora']",Sin Oscar
Dennis St John,1928,[''],['Reparto'],Sin oscar
Rémy Roubakha,No data,"['La cena de los idiotas', 'Julie y Julia', 'Amor embrujado', 'Historia de una revolución']",['Reparto'],Sin oscar
Chi-Wang Chan,No data,No data,No data,Sin oscar
Hans Pemmer,1932,"['Kottan ermittelt', '1983 • 3 episodios', '2005', 'Werner Kretschmer', 'Serie de TV']",['Reparto'],Sin oscar
Stéphanie Tchou-Cotta,1971,"['Sam', '2016–2021 • 44 episodios', '1990', 'Guion(creator)', 'Serie de TV']","['Guion', 'Reparto', 'Dirección']",Sin oscar
Blas García,1942,"['La casa al final de la calle', '1989 • 1 episodio', '1976', '1976', '1990']","['Reparto', 'Transporte']",Sin oscar
D.J. Foster,No data,"['Without Warrant', 'Blue Heelers', '1999–2004 • 6 episodios', 'Abel Russell', 'Serie de TV']",['Reparto'],Sin oscar
Angie Echevarria,No data,['The Closer'],['Reparto'],Sin oscar
James Fox,1939,[''],"['Reparto', 'Banda sonora']",Ganó 1 premio BAFTA
Agnes Fink,1919,"['Der gläserne Himmel', 'Zwischen den Zügen', '1961', 'Janet Spence', 'Película de TV']",['Reparto'],Sin Oscar
Kei Tani,1932,"['Zûzûshii yatsu', 'Tani', '1964', '1998']","['Reparto', 'Equipos adicionales']",Sin oscar
Buck Taylor,1938,[''],"['Reparto', 'Arte', 'Equipos adicionales']",Sin Oscar
Alika Smekhova,1968,[''],"['Reparto', 'Banda sonora']",Sin oscar
Jane Adams,1965,[''],"['Reparto', 'Guion', 'Banda sonora']",Nominado para 2 premios Primetime Emmy
Micheline Presle,1922,[''],"['Reparto', 'Banda sonora']",Sin Oscar
Mathé Souverbie,No data,"['El misterio de Laura', 'Un ours pas comme les autres', '1978 • 5 episodios', '1977', '1978']",['Reparto'],Sin oscar
Jack Damone,No data,['Deadly Dancer'],['Reparto'],Sin oscar
Kina Mutafova,1936,"['Tazi krav tryabvashe da se prolee', '7,5', '8,5', '5,8']",['Reparto'],Sin oscar
Ugur Kivilcim,1942,[''],['Reparto'],Sin oscar
King-Kong Lam,No data,"['Bat sin fan dim: Yan yuk cha siu bau', 'Chung on sat luk: O gei', 'Chi yung san ging gai', '2003', '1992']","['Reparto', 'Dirección de la segunda unidad o asistencia a dirección', 'Guion y continuidad']",Más en IMDbPro
Soenaryo Banyu Biru,No data,['Langitku Rumahku'],['Reparto'],Sin oscar
Börje Ahlstedt,1939,[''],"['Reparto', 'Dirección', 'Banda sonora']",Sin Oscar
Tchéky Karyo,1953,[''],"['Reparto', 'Banda sonora']",Sin Oscar
Daniela Leites,No data,"['Flor y canela', '1988 • 87 episodios', '1992', '1990']",['Reparto'],Sin oscar
David Bradley,1942,[''],"['Reparto', 'Localización', 'Banda sonora']",Ganó 1 premio BAFTA
Jayaram,1964,[''],"['Reparto', 'Música', 'Equipos adicionales']",Sin Oscar
William Doherty,No data,"['María Antonieta (Marie Antoinette)', 'El autoestopista', '1986–1989 • 2 episodios', '1990', '1989']",['Reparto'],Sin oscar
John Brumpton,No data,[''],"['Reparto', 'Guion', 'Especialistas']",Más en IMDbPro
Yasuo Daichi,1951,"['Bakayarô!: Watashi okotte masu', 'Marusa no onna 2', 'Byôin e ikô', 'Minbô no onna']","['Reparto', 'Producción']",Sin Oscar
Aleksandr Pyatkov,1950,[''],['Reparto'],Sin Oscar
Humberto Herrera,No data,"['Que me entierren con la banda', '7,2', 'Teniente Gerardo Rosales', 'Jesus Castro']",['Reparto'],Sin oscar
Nicole Kidman,1967,[''],"['Reparto', 'Producción', 'Música']",Ganó 1 premio Óscar
Nikita Vysotskiy,1964,[''],"['Reparto', 'Dirección', 'Guion']",Sin Oscar
Akira Yamanouchi,1921,"['Hedora, la burbuja tóxica', 'Koko ni sachi ari - Zempen: Yuwaku no miyako', 'Yasuo Sano(as Akira Yamauchi)', 'Cabinet Chief Secretary(as Akira Yamauchi)']",['Reparto'],Sin oscar
Elliott Gould,1938,[''],"['Reparto', 'Producción', 'Banda sonora']",Nominado para 1 premio Óscar
Al Pacino,1940,[''],"['Reparto', 'Dirección', 'Producción']",Ganó 1 premio Óscar
Angelique Lazo,No data,"['Espadang patpat', 'Sa kabila ng lahat']",['Reparto'],Sin oscar
Hanoch Re'im,No data,"['After', ""Bli Daf Hora'ot"", 'Reparto']",['Reparto'],Sin oscar
Eduardo Gil,No data,[''],No data,Sin oscar
Miguel Ángel García,No data,[''],['Reparto'],Más en IMDbPro
Jafar Bozorgi,2006,"['Sagkoshi', 'Shoore Eshgh', 'Ghand-e Torsh', '4,3']",['Reparto'],Sin oscar
Mai Itô,No data,"['Hyaku iro megane', '2003']",['Guion'],Sin oscar
Andrey Sokolov,1962,[''],"['Reparto', 'Producción', 'Dirección']",Sin Oscar
Antonio Medellín,1942,"['Mi pecado', '2009 • 105 episodios', '1963', 'Isidro del Valle', 'Serie de TV']",['Reparto'],Sin oscar
Jackson Cole,No data,[''],"['Reparto', 'Equipos adicionales']",Más en IMDbPro
Ángel Moro,No data,"['Judicial o criminal', '4,7', '4,2', 'Comisario II']",['Reparto'],Sin oscar
Vieno Saaristo,1936,"['Annabel Lee', 'Jousiampuja', 'Naisia kaupungilla', '2010 • 3 episodios', '1991']",['Reparto'],Sin oscar
Blaire Baron,junio,[''],"['Reparto', 'Producción', 'Guion']",Sin Oscar
Usha,1947,[''],"['Música', 'Reparto', 'Banda sonora']",Sin Oscar
Sergey Shakurov,1942,[''],"['Reparto', 'Música']",Sin Oscar
Andrée Pelletier,1950,"['Karmina', 'Traficantes de pieles', ""L'homme à tout faire"", 'Latitude 55°']","['Reparto', 'Guion', 'Dirección']",Sin Oscar
Roi Vinzon,No data,[''],"['Reparto', 'Dirección', 'Guion']",Más en IMDbPro
Mita Vashisht,1967,[''],"['Reparto', 'Música', 'Banda sonora']",Sin Oscar
Pirkko Hämäläinen,1959,[''],"['Reparto', 'Música', 'Guion']",Sin Oscar
Maysa Almazova,No data,['Mankurt'],['Reparto'],Sin oscar
Marco Rodríguez,1953,[''],"['Reparto', 'Especialistas']",Sin Oscar
Paul Hogan,1939,[''],"['Reparto', 'Guion', 'Producción']",Nominado para 1 premio Óscar
King Gutierrez,1955,[''],"['Reparto', 'Dirección de la segunda unidad o asistencia a dirección', 'Especialistas']",Sin oscar
Lukasz Krzyzaniak,No data,['Die Mauerbrockenbande'],['Reparto'],Sin oscar
Lisa Porter,No data,"['Baking Lessons', 'Ataque secreto', '2006 • 2 episodios', 'Producción', 'Lisa (Ball)']","['Producción', 'Guion', 'Dirección']",Más en IMDbPro
Igor Kechayev,1961,"['Malas compañías', 'Serie de TV', '3,8', 'Sosedka']","['Dirección', 'Reparto']",Sin oscar
Givi Berikashvili,1934,[''],['Reparto'],Sin Oscar
George Mihaita,1948,[''],"['Reparto', 'Dirección']",Sin Oscar
Árpád Kasza,No data,['Céllövölde'],['Reparto'],Sin oscar
Ildikó Bánsági,1947,"['Szenvedély', 'Fekete gyémántok', 'Confianza', 'Korhatáros szerelem', '2017–2018 • 21 episodios']",['Reparto'],Sin Oscar
Karen Lukowski,No data,"['Kys mor, skat!', 'Smukke dreng']",['Reparto'],Sin oscar
Treat Williams,1951,[''],"['Reparto', 'Producción', 'Dirección']",Nominado para 1 premio Primetime Emmy
Atluri Pundarikakshaiah,1925,"['Mahamantri Timmarasu', 'Udhar Ka Sindur', 'Sri Krishnavataram', 'Maavari Manchithanam']","['Reparto', 'Producción', 'Guion']",Sin oscar
Stina Ekblad,1954,[''],"['Reparto', 'Banda sonora']",Sin Oscar
Ben Stephenson,No data,"['Territorio Lovecraft', '2020 • 10 episodios', 'Producción', 'Producción']","['Producción', 'Equipos adicionales', 'Guion y continuidad']",Nominado para 2 premios Primetime Emmy
Martine Montgermont,No data,"['Reencontrar el amor', 'La mujer del cosmonauta', 'Placé en garde à vue', 'Docteur Claire Bellac']",['Reparto'],Sin oscar
Evald Aavik,1941,[''],['Reparto'],Sin Oscar
Nikolai Tokar,No data,['Eine große Nachtmusik'],No data,Sin oscar
Lisa Jane Persky,1955,[''],"['Reparto', 'Equipos adicionales']",Sin oscar
Lalu Alex,No data,[''],['Reparto'],Más en IMDbPro
Gabriela Toscano,1965,[''],['Reparto'],Sin Oscar
Cheong-Wah Chow,No data,['Fung yue tung lo'],['Reparto'],Sin oscar
Verónica García,No data,"['Roma', 'Deathcember', 'No te puedes esconder', '2019 • 1 episodio', '2020']",['Reparto'],Más en IMDbPro
Shinbei,No data,['1990 botan-dôrô'],['Reparto'],Sin oscar
Francis Mage,1969,[''],['Reparto'],Sin Oscar
C.H. Lehenhof,No data,['Julia tiene dos amantes'],"['Reparto', 'Producción']",Sin oscar
Jay Christen,1956,"['Matrimonio con hijos', '1994 • 1 episodio', 'Commentator', 'Serie de TV', '8,2']",['Reparto'],Sin oscar
Paul Klerk,No data,['Vincent y yo'],['Reparto'],Sin oscar
Carlos Mario Restrepo,No data,"['A la rueda, rueda de paz y candela', '6,9']","['Reparto', 'Dirección de fotografía y cámara', 'Edición']",Sin oscar
An-Shun Yu,1967,"['Gû tshia lâi khì', '2023 • 26 episodios', '2016', '2022', 'Liao Hsin-Chuen']",['Reparto'],Sin Oscar
Takhyr Narliyev,No data,['Mankurt'],['Reparto'],Sin oscar
Tracy Scoggins,noviembre,[''],"['Reparto', 'Guion', 'Producción']",Sin oscar
Anikó Für,1964,"['En terapia (Serie de TV)', '2012–2017 • 13 episodios', 'Labanc Katalin', 'Jutka', 'HerminEliz']",['Reparto'],Sin oscar
Maria Singer,1914,[''],"['Reparto', 'Maquillaje']",Sin oscar
Vladimir Ilin,1947,[''],"['Reparto', 'Música']",Sin Oscar
Negana Kelaki,No data,['Farendj'],['Reparto'],Sin oscar
Steve Shill,1957,[''],"['Dirección', 'Producción', 'Reparto']",Ganó 1 premio Primetime Emmy
Wai Lam,1954,[''],"['Reparto', 'Producción']",Sin Oscar
Jak Castro,1963,"['Le llaman Bodhi', 'Muerte en la noche', 'Dejadme ser libre', 'The Carol Burnett Show', '1991 • 5 episodios']","['Reparto', 'Equipos adicionales', 'Producción']",Sin oscar
Viktor Merezhko,1937,[''],"['Guion', 'Dirección', 'Reparto']",Sin Oscar
Jaromír Dulava,1960,[''],"['Reparto', 'Banda sonora']",Sin oscar
Robert Chen Deer,No data,"['Payback', 'Chinatown Connection']",['Reparto'],Sin oscar
Peter Aalbæk Jensen,1956,[''],"['Producción', 'Reparto', 'Equipos adicionales']",Sin Oscar
Rajan Mankotia,No data,['Teri Talash Mein'],['Reparto'],Sin oscar
François Aragon,No data,"['Mala fama', 'Pétain', 'Ángeles con caras sucias', '3000 scénarios contre un virus', '1995 • 1 episodio']",['Reparto'],Sin oscar
Sukumari,1940,[''],['Reparto'],Sin oscar
Dennis Farina,1944,[''],"['Reparto', 'Producción', 'Equipo ejecutivo']",Sin Oscar
Claude Jade,1948,[''],['Reparto'],Sin Oscar
Vojka Cordic,1962,"['Los panzers de la muerte', 'Nije lako sa muskarcima', 'Mi nismo andjeli', 'Mali kucni grafiti']",['Reparto'],Sin oscar
Hélène Lefumat,No data,"['Daddy Nostalgie', 'Primeros deseos']",['Reparto'],Sin oscar
Rimma Markova,1925,[''],['Reparto'],Sin Oscar
Stefano Davanzati,1957,"['Il cielo non cade mai', '1992 • 3 episodios', 'Cataldo', 'Melvin', 'Ruffiano']",['Reparto'],Sin oscar
Satish Shah,1951,[''],"['Reparto', 'Producción']",Sin Oscar
Claudia Martini,1956,"['Aufbruch', 'Abschied', '7,0', 'Die totale Therapie']","['Reparto', 'Guion', 'Cámara y electricidad']",Sin oscar
Maxime Leroux,1951,"['La pasión de Camille Claudel', 'Baxter', ""Interdit d'amour"", 'La bête du Gévaudan', '2003']",['Reparto'],Sin Oscar
Sammo Kam-Bo Hung,1952,[''],"['Reparto', 'Especialistas', 'Producción']",Sin Oscar
David Groh,1939,[''],['Reparto'],Sin oscar
Antonella Attili,1963,[''],"['Reparto', 'Dirección de producción']",Sin Oscar
Tomokazu Miura,1952,[''],"['Reparto', 'Guion']",Sin Oscar
Jeff Celentano,1960,[''],"['Reparto', 'Dirección', 'Producción']",Sin oscar
A. Drukarov,No data,"['Quieto, muere, resucita']",['Reparto'],Sin oscar
Blackie Shou-Liang Ko,1953,"['Wu hu si hai', 'La armadura de Dios', 'Sang sei chok dai', 'Un mañana mejor']","['Reparto', 'Especialistas', 'Dirección']",Sin oscar
Bruce Beaton,No data,"['Chicago', 'Una historia de violencia', 'Bait', 'Tracker', '2001 • 1 episodio']","['Reparto', 'Equipos adicionales', 'Banda sonora']",Más en IMDbPro
Augusto Tamashiro,No data,['Caídos del cielo'],['Reparto'],Sin oscar
Kyoko Masu,No data,['Domo Arigato'],['Reparto'],Sin oscar
Sundar C.,1968,[''],"['Guion', 'Producción', 'Dirección']",Sin oscar
Penelope Milford,1948,[''],['Reparto'],Nominado para 1 premio Óscar
Glenn Hirsch,No data,"['Instant Karma', 'Dallas', '1989 • 1 episodio', 'Producción(as Glen Hirsch)', 'Serie de TV']","['Reparto', 'Producción']",Sin oscar
Don Fellows,1922,[''],['Reparto'],Sin oscar
Juan Palomino,1961,[''],"['Reparto', 'Cámara y electricidad']",Sin Oscar
Julie Roswal,No data,['Julia tiene dos amantes'],['Reparto'],Sin oscar
Jonas Znidarsic,1962,"['Kruha in iger', 'Dedek gre na jug', 'Gypsy Eyes', 'Varuh meje']","['Reparto', 'Guion']",Sin Oscar
Tadeusz Szymków,1958,[''],['Reparto'],Sin oscar
Sylvie Granotier,1951,"['Cellini, una vida violenta', 'The Womb', 'Sospecha', '2019 • 5 episodios', '2009']","['Reparto', 'Guion', 'Equipos adicionales']",Sin Oscar
Bogdan Glishev,1947,"['Opasen char', 'Utroto e nepovtorimo', '8,1', '7,9']",['Reparto'],Sin oscar
Rebeca Acuña,No data,"['La mafia de Nuevo Laredo', 'Misión venganza', 'Reparto(as Rebeca Acuna)', '1990']",['Reparto'],Sin oscar
Jonathan Cecil,1939,"['La loca historia del mundo', 'Barry Lyndon', 'As You Like It', 'Sin balas y disparando']",['Reparto'],Sin oscar
Hector Elizondo,1936,[''],"['Reparto', 'Dirección', 'Producción']",Ganó 1 premio Primetime Emmy
Antonio Arrué,No data,"['Graffiti', '2008 • 100 episodios', '1990', '2005 • 2 episodios', '2002']",['Reparto'],Sin oscar
Mariana Stansheva,No data,[''],"['Dirección de casting', 'Reparto', 'Casting']",Más en IMDbPro
Bennett Ohta,1934,"['El chico de oro', 'Noble House', '1988 • 4 episodios', '1981', '1975']",['Reparto'],Sin oscar
Erik Lucas,No data,['Wrong Order'],['Reparto'],Sin oscar
Raju Shrestha,1967,[''],['Reparto'],Sin oscar
André Gomes,1997,[''],['Reparto'],Sin Oscar
R.S. Shivaji,1956,[''],"['Reparto', 'Dirección de la segunda unidad o asistencia a dirección', 'Sonido']",Sin Oscar
Frans de Wit,1957,[''],['Reparto'],Sin oscar
Amina Annabi,1962,"['The Hour of the Pig', 'Cairo Time', 'La bella historia', 'El cielo protector']","['Reparto', 'Música', 'Banda sonora']",Sin oscar
Branko Zavrsan,1962,"['En tierra de nadie', 'Il confine è un bosco', 'Osebna prtljaga', 'Rosencrantz y Guildenstern han muerto']","['Reparto', 'Casting']",Sin Oscar
Myles Collins,No data,"['Baller Wives', 'MasterClass: Jake Shimabukuro Teaches Ukulele', 'Serie de TV', 'Serie de TV']","['Producción', 'Localización', 'Equipos adicionales']",Sin oscar
Nini Salerno,1948,[''],"['Reparto', 'Dirección', 'Guion']",Sin oscar
Mónica Rambal,No data,"['Al caer la noche', 'Reparto', '1992', '1993']",['Reparto'],Sin oscar
Mihai Chirita,No data,['Cenusa pasarii din vis'],['Reparto'],Sin oscar
Mieke Verheyden,1937,"['Zes personages zoeken een auteur', 'Het poppenhuis', 'Transport', '1983 • 1 episodio', 'Yvonne']",['Reparto'],Sin oscar
Sibidou Sidibe,No data,['Tilaï (Cuestión de honor)'],['Reparto'],Sin oscar
Shin Seong-il,1937,[''],['Reparto'],Sin Oscar
Kadir Inanir,1949,"['Medcezir Manzaralari', 'Yilanlarin Öcü', 'Ah Gardasim', 'Utanç']","['Reparto', 'Dirección', 'Guion']",Sin Oscar
Angelo Tiffe,No data,[''],"['Reparto', 'Producción']",Más en IMDbPro
Jorge Andrés Fernández,No data,"['Silencio Mortal', 'Los ángeles de la muerte', 'Rubén de la Fuente)(as Jorge A. Fernández)', 'Vladimir']",['Reparto'],Sin oscar
Olga Durano,1955,"['Animali metropolitani', ""L'aria serena dell'Ovest"", 'Tutto bene', '6,3']",['Reparto'],Sin oscar
John Lafayette,No data,[''],"['Reparto', 'Equipos adicionales']",Más en IMDbPro
Mia Begovic,1963,"['Capitán América', 'Pecat', '2008–2009 • 15 episodios', 'Helena Jurak', 'Reparto']",['Reparto'],Sin oscar
Yuliya Sokolovskaya,No data,['Dva patrona na mamonta'],['Reparto'],Sin oscar
Peter Fonda,1940,[''],"['Reparto', 'Dirección', 'Guion']",Nominado para 2 premios Óscar
Predrag Lakovic,1929,"['Gato negro, gato blanco', 'El tiempo de los gitanos', 'Bolji zivot', '1987–1988 • 18 episodios', '1984']","['Reparto', 'Equipos adicionales']",Sin oscar
Yukijirô Hotaru,1951,"['Zeiramu', 'Chikan densha: Momoe no oshiri', 'Zeiram 2', 'Gamera: El guardián del universo']",['Reparto'],Sin Oscar
Tino Castaldi,No data,"['La gran aventura de África', 'Jiboa, il sentiero dei diamanti', 'Mercenarios', 'Il senso della vertigine']",['Reparto'],Sin oscar
Yury Belyayev,1947,[''],['Reparto'],Sin Oscar
Geert de Jong,1951,"['Mama está loca', 'Schatjes!', 'El cuarto hombre', 'Nr. 10']","['Reparto', 'Banda sonora']",Sin Oscar
Anita Mancic,1968,"['TV teatar', '1996–2017 • 6 episodios', '1993', '2013', '2010']",['Reparto'],Sin oscar
Govinda,1963,[''],"['Reparto', 'Música', 'Producción']",Sin Oscar
Nicolas Parodi,No data,['La fractura de miocardio'],['Reparto'],Sin oscar
Yelena Kozlitina,1957,[''],['Reparto'],Sin oscar
Nathan Chukueke,1959,"['Contacto sangriento', 'Hitman the Cobra', 'Hong chang fei long', 'Wu ye tian shi']",['Reparto'],Sin oscar
Hang-Shuen So,1951,"['Duet ming gam', 'Una bala en la cabeza', 'Protección a un ser menor', 'Cao mang ying ci']",['Reparto'],Sin Oscar
Luis de Icaza,1954,"['Revenge (Venganza)', 'Cronos', 'Lazos de amor', '1995–1996 • 98 episodios', 'Alex']",['Reparto'],Sin Oscar
Kumarimuthu,1939,"['Villu', 'Musthaffaa', 'Jananam', '6,1']",['Reparto'],Sin oscar
Vangie Labalan,No data,[''],"['Reparto', 'Sonido', 'Equipos adicionales']",Más en IMDbPro
Jean-Pierre Lorit,1960,"['No se lo digas a nadie', 'Tres colores: Rojo', 'Máquina de guerra', 'Une affaire de goût']","['Reparto', 'Banda sonora']",Sin Oscar
Abhay Bhardwaj,No data,['Agneekaal'],['Reparto'],Sin oscar
Salvatore Billa,1943,[''],['Reparto'],Sin oscar
Uluer Süer,1931,"['Deli Deli Küpeli', 'Koltuk Belasi', 'Kiraci', 'Degirmen']",['Reparto'],Sin oscar
Parvez Merchant,No data,"['Nazar', 'Bharat Ek Khoj', '1989 • 1 episodio']",['Reparto'],Sin oscar
Kanaka,1973,[''],['Reparto'],Sin oscar
Chiara Argelli,No data,"['Perduta', '5,6', '6,2', '6,4']",['Reparto'],Sin oscar
Lucia Prato,No data,"['Lucrezia Borgia', 'Tradito a morte', '4,1', '5,1']",['Reparto'],Sin oscar
Rasmus With,No data,"['Rompiendo las olas', 'Farligt venskab', 'Equinox', '2020 • 4 episodios', '2005']","['Arte', 'Diseño de producción', 'Reparto']",Sin oscar
Jeff Fannell,No data,"['Accidents', 'Operation Hit Squad', 'Comando águila roja', 'The Secret Force']","['Reparto', 'Equipos adicionales']",Sin oscar
Colleen Keegan,No data,"['Neurotic Cabaret', 'Walker, Texas Ranger', '1995 • 1 episodio', 'Darlene Rowan', 'Serie de TV']","['Reparto', 'Equipos adicionales']",Sin oscar
Mathieu Carrière,1950,[''],"['Reparto', 'Guion', 'Dirección']",Sin Oscar
Yves Afonso,1944,[''],['Reparto'],Sin Oscar
Bernhard Bettermann,1965,"['In aller Freundschaft', '2005–2023 • 639 episodios', '2004', '2001', '2006 • 1 episodio']",['Reparto'],Sin Oscar
Archil Gomiashvili,1926,[''],['Reparto'],Sin Oscar
Viktor Chutak,1938,[''],['Reparto'],Sin oscar
Timothy Dalton,1946,[''],"['Reparto', 'Banda sonora']",Sin Oscar
Avtar Gill,1950,[''],['Reparto'],Sin oscar
Vasant Choudhury,1928,[''],['Reparto'],Sin Oscar
Khaldoun Elmecky,No data,"['Bloedverwanten', '2010–2014 • 29 episodios', 'Vincent Pareira', 'Serie de TV', '7,0']",['Reparto'],Sin oscar
Steve Jacobs,1967,[''],"['Reparto', 'Dirección', 'Guion']",Sin Oscar
Zoi Voudouri,1917,"['Psyhraimia, Napoleon!', 'Otan oi rodes horevoun', 'O magoufis', 'Mia gynaika horis dropi']",['Reparto'],Sin oscar
Kate Reid,1930,[''],['Reparto'],Nominado para 1 premio Primetime Emmy
Navneet Nishan,1965,[''],['Reparto'],Sin Oscar
Miki Tashiro,No data,"['Ng yuet yam seon', 'Saishin sôpu tekunikku 2: Awa-hime goten', 'Vídeo']",['Reparto'],Sin oscar
Yeong-ha Lee,No data,"['Danji geudaega yeojalaneun iyumaneulo', 'Salangui noye', 'Reparto', 'Reparto']",['Reparto'],Sin Oscar
John Pasternak,No data,"['Mad Max, más allá de la cúpula del trueno', 'Operation Hit Squad', 'La terrorista', 'Red Scorpion']","['Especialistas', 'Reparto', 'Efectos especiales']",Sin oscar
Lindsay Duncan,1950,[''],"['Reparto', 'Equipos adicionales']",Nominado a 3 premios BAFTA
Raghuvaran,1958,[''],['Reparto'],Sin Oscar
Salvatore Cascio,1979,[''],['Reparto'],Ganó 1 premio BAFTA
Carol Kane,1952,[''],"['Reparto', 'Producción', 'Banda sonora']",Nominado para 1 premio Óscar
David Ford,1925,[''],"['Reparto', 'Banda sonora']",Sin oscar
Tatiana Molina,No data,"['Vivir con 10', '2007 • 3 episodios', 'Rosa MaldonadoMaribel Palacios', '2009', '1990']",['Reparto'],Sin oscar
Elena Sofia Ricci,1962,[''],"['Reparto', 'Dirección', 'Guion']",Sin Oscar
Frantisek Svihlík,1941,[''],"['Reparto', 'Dirección de la segunda unidad o asistencia a dirección', 'Casting']",Sin oscar
José María Cañete,No data,"['Si el matrimonio funcionase', 'Dirección', 'Fermín', 'Ticket Agent #1(as Pepe Canete)']","['Reparto', 'Dirección', 'Guion']",Sin oscar
Guorong Li,No data,"['The Forbidden City', '2005 • 12 episodios']",['Equipos adicionales'],Sin oscar
Robert Koons,No data,"['Sin perdón', 'La piel que brilla', 'Hollywood Babylon', '1993 • 1 episodio', '1986']",['Reparto'],Sin oscar
Erhardt Koren,1944,"['Der nackte Hamlet', 'Die Spitzen der Gesellschaft', 'Le gorille', '1991 • 1 episodio']",['Reparto'],Sin oscar
Edith Nordegg,No data,"['Fleischwolf', 'Höhenangst', 'Geboren in Absurdistan', 'Lieben wie gedruckt']",['Reparto'],Sin oscar
Maïwenn,1976,[''],"['Reparto', 'Guion', 'Dirección']",Sin Oscar
Colleen Morris,No data,[''],['Reparto'],Sin oscar
Giovanna Ralli,1935,[''],"['Reparto', 'Guion']",Sin Oscar
Ryûji Katagiri,1947,"['Aibô: the Movie: Zettai zetsumei! 42.195km Tôkyô Big City Marathon', 'Aibô: Gekijô-ban II', 'Kanshiki Yonezawa Mamoru no jikenbo', 'Kurutta yajû']",['Reparto'],Sin oscar
Leni Santos,No data,[''],['Reparto'],Más en IMDbPro
Piotr Kozlowski,1965,"[""Lawa. Opowiesc o 'Dziadach' Adama Mickiewicza"", 'Europa, Europa', 'El año del sol tranquilo', 'Planeta krawiec']","['Reparto', 'Cámara y electricidad']",Sin oscar
Alexis Valdés,No data,"['Un rey en La Habana', 'Los ángeles de Charlie', '2011 • 1 episodio', '2020', 'Diego']","['Reparto', 'Guion', 'Producción']",Sin Oscar
Kate Hardie,1968,[''],"['Reparto', 'Guion', 'Dirección']",Sin oscar
Reema Lagoo,1958,[''],['Reparto'],Sin Oscar
Tora Vasilescu,1951,"['Quod erat demonstrandum', 'Croaziera', 'Kilometrul 36', 'Gloria nu cînta']",['Reparto'],Sin Oscar
Giuseppe Pirico,No data,['Chicos de la calle'],['Reparto'],Sin oscar
Stoyan Aleksiev,1951,[''],"['Reparto', 'Especialistas']",Sin oscar
Karen Kirishima,1964,"['Memoirs of a Teenage Amnesiac', 'Tekken', 'Ritoru foresuto: Natsu/Aki', 'Rakuyô']",['Reparto'],Sin oscar
François Négret,1966,[''],['Reparto'],Sin Oscar
John Polson,1965,[''],"['Producción', 'Dirección', 'Reparto']",Sin Oscar
Anaís de Melo,1960,"['Cónsul honorario', 'Depredador chicano', 'Reparto', 'María']",['Reparto'],Sin oscar
Terry Truck,No data,"['All of Me', 'Karussell']","['Reparto', 'Composición']",Sin oscar
Valérie Steffen,1963,"['Napoleón y Josefina', '1987 • 1 episodio', '1987', 'Inspector Bardot', 'Yvette']",['Reparto'],Sin oscar
Alfonso Zayas Jr.,No data,[''],['Reparto'],Más en IMDbPro
Mi-ji Lee,No data,"['Hong Du-gae', 'Reparto', '1987']",['Reparto'],Sin oscar
Eslinda Núñez,1943,[''],['Reparto'],Sin oscar
Dasharat,No data,"['The Lunchbox', 'Carry on Maratha', 'Los falsificadores', '2023 • 8 episodios', '2022']",['Cámara y electricidad'],Sin oscar
Jean-Paul Mondot,No data,"['Arhangelos tou pathous', 'Le champignon des Carpathes', 'La fille du magicien', '6,8']","['Reparto', 'Dirección de la segunda unidad o asistencia a dirección']",Sin oscar
Matt Ingersoll,No data,"['Miami Blues', 'Ella nunca se niega']",['Reparto'],Sin oscar
Tia Carrere,enero,[''],"['Reparto', 'Banda sonora', 'Producción']",Sin Oscar
Norihei Miki,1924,[''],"['Reparto', 'Banda sonora']",Sin Oscar
Colm Feore,1958,[''],"['Reparto', 'Guion']",Sin Oscar
Orb Kamm,No data,['Small White House'],['Reparto'],Sin oscar
Geneviève Fontanel,1936,"['El amante del amor', 'El affaire Dominici', 'Au théâtre ce soir', '1967–1983 • 12 episodios', '1982 • 2 episodios']",['Reparto'],Sin Oscar
Sunny Smith,1979,[''],"['Reparto', 'Producción', 'Especialistas']",Sin oscar
Bernard Hepton,1925,[''],"['Reparto', 'Producción', 'Dirección']",Nominado a 1 premio BAFTA
Viktor Bychkov,1954,[''],['Reparto'],Sin Oscar
Susana Contreras,No data,"['From Prada to Nada', 'Pobre niña rica', '1995 • 1 episodio', '1988']",['Reparto'],Sin oscar
Paul Newman,1925,[''],"['Reparto', 'Producción', 'Dirección']",Ganó 1 premio Óscar
John Waters,1946,[''],"['Reparto', 'Guion', 'Dirección']",Sin Oscar
Alison Skilbeck,1945,"['El fantasma de la ópera de Andrew Lloyd Webber', 'Las aventuras de Sherlock Holmes', '1984 • 1 episodio', '1987', 'Sarah Kingslake']","['Reparto', 'Guion']",Sin oscar
Romano Fasciati,No data,"['Jesus Goes to India', 'Reparto']","['Reparto', 'Producción', 'Guion']",Sin oscar
Louise Laprade,No data,"['Se fondre', '6,8', '6,1', '5,2']",['Reparto'],Más en IMDbPro
Brahmachari,No data,[''],['Reparto'],Más en IMDbPro
Horst Sachtleben,1930,"['Astérix y Obélix contra César', 'Vorletzter Abschied', '2005', 'Heinz Ruhland', 'Serie de TV']","['Reparto', 'Equipos adicionales', 'Dirección']",Sin Oscar
Tõnu Kark,1947,[''],['Reparto'],Sin Oscar
Maryline Even,No data,"['2 días en París', 'Viva la vida', 'Tess', 'Planetarium']",['Reparto'],Sin oscar
Sunil Dhawan,No data,"['Ishq', 'Bandh Darwaza', 'Awaaz', 'Hum Hain Bemisaal']",['Reparto'],Más en IMDbPro
David Wu,1966,"['Adiós a mi concubina', 'Jin ye xing guang can lan', 'Wo he chun tian you ge yue hui', 'Joi jin gong woo']","['Reparto', 'Dirección de arte']",Sin Oscar
Athina Cenci,1946,[''],"['Reparto', 'Guion']",Sin Oscar
Cristina Gonzales,1976,[''],['Reparto'],Sin oscar
Rolan Bykov,1929,[''],"['Reparto', 'Dirección', 'Guion']",Sin Oscar
Gennadiy Frolov,1937,[''],['Reparto'],Sin Oscar
Sean Scully,1947,[''],['Reparto'],Sin Oscar
Katherine Borowitz,1954,[''],"['Reparto', 'Banda sonora']",Sin oscar
Angelines Fernández,1924,[''],['Reparto'],Sin Oscar
Tony Burton,1937,[''],['Reparto'],Sin oscar
Anatoliy Romashin,1931,[''],"['Reparto', 'Dirección', 'Equipos adicionales']",Sin Oscar
Dencio Padilla,1929,"['Kahit konting pagtingin', 'Ito ang Maynila', 'Reparto', 'Nardong Lugaw']","['Reparto', 'Guion']",Sin Oscar
Margaret Mazzantini,1961,[''],"['Reparto', 'Guion']",Sin Oscar
Viktor Solovyov,1950,[''],['Reparto'],Sin oscar
Elaine Jin,1954,[''],['Reparto'],Sin Oscar
Damon Dickson,No data,"['Prince and the New Power Generation: Diamonds and Pearls Live at Glam Slam', 'Prince & The New Power Generation: Gett Off', '1991', '1990', 'Reparto']",['Reparto'],Sin oscar
Chi-Hung Chan,No data,"['Rey de asesinos', 'Fei chang jing cha', 'Sha shou de tong hua', 'Hong fu qi tian']",['Reparto'],Sin oscar
Björk,1965,[''],"['Music Artist', 'Composición', 'Reparto']",Nominado para 1 premio Óscar
Johan Leysen,1950,[''],"['Reparto', 'Equipos adicionales']",Sin Oscar
Ivan Bortnik,1939,[''],"['Reparto', 'Banda sonora']",Sin Oscar
Laura De la Uz,1970,"['Hello Hemingway', 'Vestido de novia', 'La película de Ana', 'El cuerno de la abundancia']",['Reparto'],Sin Oscar
Yildirim Gencer,1936,[''],"['Reparto', 'Dirección']",Sin oscar
Zijah Sokolovic,1950,"['Zadah tela', 'Bella Block', '2002 • 1 episodio', 'Hajdibej']","['Reparto', 'Guion']",Sin Oscar
Liam Neeson,1952,[''],"['Reparto', 'Producción', 'Guion']",Nominado para 1 premio Óscar
Babu Namboothiri,No data,[''],['Reparto'],Más en IMDbPro
Tetsuya Fujita,1920,"['Tornado Video Classics', '1992', '1993', 'Cámara y electricidad', 'Cámara y electricidad']","['Cámara y electricidad', 'Equipos adicionales']",Sin oscar
Renan Fosforoglu,1918,"['Süt kuzulari', '6,9', 'Reparto', '1954']","['Reparto', 'Dirección', 'Guion']",Sin oscar
Leo Gullotta,1946,"['Cinema Paradiso', 'Un uomo perbene', 'Érase una vez en América', 'Vajont, presa mortal']","['Reparto', 'Equipos adicionales', 'Producción']",Sin Oscar
Dylan Walsh,1963,[''],"['Reparto', 'Vestuario', 'Guion']",Sin Oscar
Elmo Nüganen,1962,[''],"['Reparto', 'Dirección', 'Guion']",Sin Oscar
Sammy Johnson,1949,"['Crocodile Shoes', '1994 • 6 episodios', ""Kenneth Norman 'Stick' Oakley"", 'Miniserie de TV', '8,1']",['Reparto'],Sin oscar
Juan Zaizar,1933,"['El ánima del ahorcado contra el latigo negro', 'El arracadas', 'Fiesta en el corazón', 'Poker de reinas']","['Reparto', 'Música', 'Producción']",Sin oscar
Vitaliy Zikora,1948,"['Soviet: la respuesta', 'Posrednik', 'Risk bez kontrakta', 'Gosudarstvennaya granitsa', '1987 • 2 episodios']",['Reparto'],Sin Oscar
Timmy Cruz,No data,[''],['Reparto'],Más en IMDbPro
Kati Lázár,1948,"['Anna filmje', 'Másnap', 'Rózsadomb', 'Érzékek iskolája']","['Reparto', 'Dirección']",Sin Oscar
Marisa Van Eyle,No data,"['El libro negro', 'De Bende van Sjako', '2010–2011 • 6 episodios', '1998', 'Eleanor Roosevelt']","['Reparto', 'Banda sonora']",Sin oscar
Yoshitaka Zushi,1955,[''],['Reparto'],Sin oscar
Bruce Taylor,No data,"['Killers', '¡Corre Ronnie corre!', 'Premonición', 'La familia Jones']","['Reparto', 'Producción']",Sin oscar
Marie Tifo,1949,[''],"['Reparto', 'Guion y continuidad']",Sin Oscar
Matteo Chioatto,No data,"['Ragazzi della notte', 'I taràssachi', 'Quattro bravi ragazzi', 'I misteri di Cascina Vianello', '1997 • 1 episodio']",['Reparto'],Sin oscar
Fatma Ben Saïdane,1949,"['Making Of', 'Halfaouine. El niño de las terrazas', 'Thala My Love', 'Dicta Shot']",['Reparto'],Sin Oscar
Mari Rantasila,1963,[''],"['Reparto', 'Dirección', 'Guion']",Sin Oscar
John Wessel,No data,['Fields of Honor'],['Reparto'],Sin oscar
Monika Farrell,No data,['Electra'],['Reparto'],Sin oscar
Jocelyn Bérubé,1946,[''],"['Reparto', 'Composición']",Sin Oscar
Clifton James,1920,[''],['Reparto'],Sin oscar
Leslie Caron,1931,[''],"['Reparto', 'Equipos adicionales', 'Banda sonora']",Nominado para 2 premios Óscar
Chun-Wah Lee,No data,"['Hong tian mi ling', 'Chi se da feng bao', 'No juegues con fuego', 'Wu ming huo']","['Reparto', 'Dirección de la segunda unidad o asistencia a dirección', 'Dirección de producción']",Más en IMDbPro
Frank Ramírez,1939,"['Cóndores no entierran todos los días', 'María Cano', 'Técnicas de duelo: Una cuestión de honor', 'La estrategia del caracol']","['Reparto', 'Guion', 'Equipos adicionales']",Sin Oscar
Ken Russell,1927,[''],"['Dirección', 'Guion', 'Reparto']",Nominado para 1 premio Óscar
Johan Hald,No data,['Una familia normal'],['Reparto'],Sin oscar
Anna Thalbach,1973,[''],"['Reparto', 'Equipos adicionales']",Sin Oscar
Jin-hwa Kim,No data,"['Keopi peurinseu 1-hojeom', '2007 • 2 episodios']",['Reparto'],Sin oscar
Velia Di Sabatino,No data,"[""Je t'ai dans la peau""]",['Reparto'],Sin oscar
Sheila Moore,1938,[''],['Reparto'],Sin oscar
Oleg Belov,1934,[''],"['Reparto', 'Música']",Sin oscar
Maksim Shalnov,No data,[''],['Reparto'],Sin oscar
Eloïse Bennett,No data,"['Cuento de primavera', 'Flammes', 'Les jeux de société', '1989']",['Reparto'],Más en IMDbPro
Igor Donskoy,1931,[''],['Reparto'],Sin oscar
Baltazar Oviedo,No data,"['Apuesta por un amor', '2004 • 2 episodios', 'Reparto', 'Baltazar', 'Amigo de Pedro']","['Reparto', 'Dirección de la segunda unidad o asistencia a dirección', 'Guion']",Sin oscar
Nadia Ottaviani,No data,"['Entrevista', 'La voz de la luna']",['Reparto'],Sin oscar
Annie Girardot,1931,[''],"['Reparto', 'Producción', 'Banda sonora']",Nominado a 1 premio BAFTA
Marie Delacroix,No data,"[""Un jeu d'enfant""]",['Reparto'],Sin oscar
Denis Moore,No data,"['Janus', '1994–1995 • 11 episodios', 'Ross Roberts', 'Serie de TV', '7,0']","['Reparto', 'Dirección']",Sin oscar
Rodrigo Vidal,1973,[''],"['Reparto', 'Producción', 'Dirección']",Sin oscar
Inga Schrader,No data,"['Eine Tunte zum Dessert', '2,0', 'Reparto']",['Reparto'],Sin oscar
Valentin Nikulin,1933,[''],"['Reparto', 'Dirección de la segunda unidad o asistencia a dirección', 'Banda sonora']",Sin Oscar
Malick Bowens,1941,[''],['Reparto'],Sin oscar
Catherine Rabett,1960,[''],['Reparto'],Sin oscar
Kapitolina Ilyenko,1904,[''],['Reparto'],Sin oscar
Sean Astin,1971,[''],"['Reparto', 'Producción', 'Dirección']",Nominado para 1 premio Óscar
Bob van den Berg,No data,[''],['Reparto'],Más en IMDbPro
Maciej Orlos,1960,[''],['Reparto'],Sin oscar
José Wilker,No data,No data,No data,Sin oscar
Eva-Maria Kurz,1944,"['Anita: Tänze des Lasters', 'Un virus no conoce moral', 'Hasta donde los pies me lleven', 'Lucky Fritz']","['Reparto', 'Guion', 'Equipos adicionales']",Sin oscar
Viktor Rakov,1962,[''],['Reparto'],Sin Oscar
Siu-Fai Yuen,No data,"['Na Zha nao dong hai', 'Xuehua shenjian', 'Na Cha(as Hsiao-Hui Yuan)', '1969']",['Reparto'],Sin oscar
Bruno Cremer,1929,[''],['Reparto'],Sin Oscar
Vasil Banov,1946,"['Sin control', 'Benzin', 'Octopus', '2000', '2020']",['Reparto'],Sin oscar
Barry Miller,1958,[''],"['Reparto', 'Banda sonora']",Sin Oscar
Nino Koberidze,No data,"['Ik-Chemtan', '27 besos robados', 'Pasport', 'Tba']",['Reparto'],Más en IMDbPro
Stefanie Stappenbeck,1974,[''],"['Reparto', 'Banda sonora']",Sin Oscar
John George,1898,[''],['Reparto'],Sin oscar
Ludo Troch,No data,"['El concierto', 'Escapando', 'No es mi tipo', '38 témoins']","['Edición', 'Reparto', 'Producción']",Sin Oscar
Rafael Benavente,No data,[''],['Reparto'],Sin Oscar
Chigusa Abe,No data,['Sakura no sono'],['Reparto'],Sin oscar
James Jim-Si Ha,No data,"['Sat cheung 72 siu si', 'Vídeo', 'Reparto', 'Dirección']","['Reparto', 'Especialistas', 'Equipos adicionales']",Más en IMDbPro
Nirmal Kumar Chakraborty,1928,"['Bindur Chheley', 'Baazi', 'Kahin Aar Kahin Paar', 'Lakhon Ki Baat']",['Reparto'],Sin oscar
Svetla Todorova,No data,"['Vchera', 'Bashta', 'Sofiyska istoriya', 'Starcheto s kariranite pantalone']",['Reparto'],Sin oscar
Mikkjal Helmsdal,No data,['Atlantic Rhapsody - 52 myndir úr Tórshavn'],['Reparto'],Sin oscar
Filipe Ferrer,1936,"[""La hija de D'Artagnan"", 'Mensagem', '1867', '1990', '1995']","['Reparto', 'Dirección']",Sin oscar
Viktoria Schubert,No data,"['Trautmann', '2000–2008 • 9 episodios', 'Isolde Kupfner', 'Clara', 'Serie de TV']","['Reparto', 'Dirección']",Sin oscar
Stéphane Freiss,1960,[''],"['Reparto', 'Guion', 'Dirección']",Sin Oscar
Francisco Aragon,1973,[''],"['Reparto', 'Localización', 'Producción']",Sin oscar
John Turturro,1957,[''],"['Reparto', 'Guion', 'Producción']",Ganó 1 premio Primetime Emmy
Kalyan Chatterjee,No data,"['Kahaani', 'Byomkesh Bakshi', 'Baishe Srabon', 'Hatey Roilo Pistol']",['Reparto'],Sin oscar
Nersi Korkia,2006,"['Dandan-e-mar', ""Af'i"", 'Golnesa dar Paris', 'Gheyrat']",['Reparto'],Sin oscar
Mila Burnette,No data,['The Sun and the Moon'],['Reparto'],Sin oscar
Marina Saura,1957,[''],['Reparto'],Sin oscar
Tintoy,1934,"['Si gorio at ang damong ligaw', 'Reparto', '1981', '1987']","['Reparto', 'Dirección', 'Guion']",Sin oscar
Brian Cox,1946,[''],"['Reparto', 'Producción', 'Dirección']",Ganó 1 premio Primetime Emmy
Georgi Kadurin,No data,[''],['Reparto'],Más en IMDbPro
Hye-seong Jeon,No data,"['Eomi', 'Geondeuliji jom ma', '2,3', 'Reparto']",['Reparto'],Sin oscar
Hans Kesting,1960,[''],"['Reparto', 'Banda sonora']",Sin oscar
Shen Li,1980,[''],"['Reparto', 'Banda sonora']",Sin Oscar
Mehrdad Ahankhah,No data,['Primer plano'],['Reparto'],Sin oscar
Christopher Pohlad,No data,['Old Explorers'],['Reparto'],Sin oscar
Majid Mozaffari,1951,"['Un héroe', 'Kashtee-ye Angelica', 'Ghalbha-ye Na Aram', 'Reparto']","['Reparto', 'Dirección', 'Vestuario']",Sin Oscar
Alison Steadman,1946,[''],"['Reparto', 'Guion', 'Equipos adicionales']",Nominado a 2 premios BAFTA
John P. Connolly,No data,"['9 semanas y media', 'Policías de Nueva York', '1994–2002 • 3 episodios', 'Matt Kelley', 'Serie de TV']","['Reparto', 'Banda sonora']",Sin oscar
Ahmed El-Maaroufi,No data,"['Happy Day', '6,5']",['Reparto'],Sin oscar
Jamieson Boulanger,1981,"['Obsesión', '11 Somerset', '2004–2005 • 13 episodios', '1996', 'Ben Buckley']","['Reparto', 'Producción']",Sin oscar
Matjaz Tribuson,1962,"['Rusevine', 'Gypsy Eyes', 'Jezero', '2019–2020 • 5 episodios', 'JoggerJagger (2000-2003)']",['Reparto'],Sin Oscar
Sora Jung,1968,"['Perdidos', '2004 • 1 episodio', 'Jeonjaenggwa ingan', '7,6']",['Reparto'],Sin Oscar
Igor Slobodskoy,1951,[''],['Reparto'],Sin oscar
Daria Deflorian,No data,"['La bestia', 'Lazzaro feliz', 'Due come noi, non dei migliori', 'Obbligo di giocare - Zugzwang']","['Reparto', 'Guion']",Más en IMDbPro
Sándor Szakácsi,1952,"['Peer Gynt', '1988', '1989', '1983', '1981']","['Reparto', 'Equipos adicionales', 'Banda sonora']",Sin oscar
Pawel Niczewski,1967,"['Teatr Polskiego Radia', '2021 • 1 episodio', 'Józef', 'Doctor', 'Serie de TV']","['Reparto', 'Dirección']",Sin oscar
Claudia Bringas,No data,"['Sentenciado', 'Ivett', '2004']",['Reparto'],Sin oscar
James Horan,1954,[''],"['Reparto', 'Efectos especiales', 'Equipos adicionales']",Sin Oscar
Daniele Dublino,1936,[''],['Reparto'],Sin oscar
Parley Baer,1914,[''],"['Reparto', 'Banda sonora']",Sin oscar
Suhasini,1961,[''],"['Reparto', 'Guion', 'Producción']",Sin Oscar
Lieh Lo,1939,[''],"['Reparto', 'Dirección', 'Producción']",Sin oscar
Antoaneta Bacheva,No data,"['Barabanchikat i negovata zhena barabanchitza', '8,5']",['Reparto'],Sin oscar
Aleksandr Klemantovich,1962,"['Demiurg', 'Sashka', '2009', 'Kuskov']",['Reparto'],Sin oscar
Zarko Lausevic,1960,[''],"['Reparto', 'Guion']",Sin Oscar
Anatoliy Kuznetsov,1930,[''],"['Reparto', 'Guion', 'Producción']",Sin oscar
Paul Chun,1945,[''],"['Reparto', 'Dirección', 'Animación']",Sin Oscar
Alan Spaulding,No data,['Dark Practice'],['Reparto'],Sin oscar
Todor G. Todorov,No data,"['Infestation', 'El día después del impacto', 'En el ojo del huracán', 'Street Fighter: Resurrection', '2016 • 4 episodios']","['Edición', 'Efectos visuales', 'Dirección de producción']",Sin oscar
Isabel Rivas,1958,[''],"['Reparto', 'Equipos adicionales']",Sin oscar
Anand,1986,[''],['Reparto'],Sin Oscar
Masao Ishiguro,No data,"['La diosa del asfalto', 'Zatôichi', 'Kamingu hômu', 'Virtual Girl']",['Reparto'],Sin oscar
Carmen Delgado,No data,"['Vivir toda la vida', '2021', '1999 • 69 episodios', 'Mamá de Sofía', 'Serie de TV']",['Reparto'],Sin Oscar
Angèle Coutu,1946,"['Jamais deux sans toi', '1990 • 230 episodios', 'Sophie DeBray', 'Mémé', 'Serie de TV']",['Reparto'],Sin Oscar
Paolo Malco,1947,"['El destripador de Nueva York', 'Lucrezia giovane', 'Noa Noa', 'Trueno']",['Reparto'],Sin oscar
Michael Khmurov,1966,[''],['Reparto'],Sin Oscar
Gloria von Thurn und Taxis,1950,"['Blickpunkt Sport', 'Doppelpass', '2005–2009 • 3 episodios', 'Self', 'Serie de TV']",No data,Sin Oscar
Eric Karson,No data,[''],"['Dirección', 'Producción', 'Reparto']",Más en IMDbPro
Clown Kumagoro,No data,['Domo Arigato'],['Reparto'],Sin oscar
Florentin Duse,No data,"['Cel mai iubit dintre pamânteni', 'Anotimpul iubirii', 'Salutari de la Agigea', 'Cenusa pasarii din vis']",['Reparto'],Sin oscar
Kaoru Yamashina,No data,"['Hitozuma kyôshi: Reipu momi shigoku', 'Reparto', '2010']",['Reparto'],Sin oscar
Werner Abrolat,1924,[''],"['Reparto', 'Equipos adicionales']",Sin oscar
Rolandas Kazlas,1969,"['Sirdys', 'Balkonas', 'Dziazas', 'Vaikai is Amerikos viesbucio']",['Reparto'],Sin Oscar
Antonio Evangelisti,No data,['Lucrezia Borgia'],['Reparto'],Sin oscar
Rob Reiner,1947,[''],"['Reparto', 'Guion', 'Producción']",Nominado para 1 premio Óscar
Jin-seon Lee,No data,"['Nae meorisokui jiwoogae', 'Syowindo: Yeowangui Jib', '2021–2022 • 16 episodios', '2010', '2011']",['Reparto'],Sin oscar
Steven Wright,1955,[''],"['Reparto', 'Producción', 'Guion']",Ganó 1 premio Óscar
Tony Goldwyn,1960,[''],"['Reparto', 'Dirección', 'Guion']",Sin Oscar
Zinaida Em,No data,['Mest'],['Reparto'],Sin oscar
Amole Gupte,1962,"['Taare Zameen Par', 'Kaminey', 'Stanley Ka Dabba', 'Sniff']","['Reparto', 'Guion', 'Dirección']",Sin Oscar
Berta Fernández Cormenzana,No data,"['Mares de guerra', 'Los preparativos', '1968']",['Reparto'],Sin oscar
Paresh Rawal,1955,[''],"['Producción', 'Reparto', 'Banda sonora']",Sin Oscar
Molly Atwood,No data,"['Old Explorers', 'The Red Shoes', '1983']",['Reparto'],Sin oscar
Biu Gam,No data,"['Shi yao', 'Gik do yau wak', '7,4', 'An qu']","['Reparto', 'Dirección de la segunda unidad o asistencia a dirección', 'Cámara y electricidad']",Más en IMDbPro
Jacques Sereys,1928,"['El fuego fatuo', 'En guardia!', 'Les Thibault', '1972–1973 • 3 episodios', '1982–1984 • 2 episodios']","['Reparto', 'Equipos adicionales', 'Banda sonora']",Sin oscar
Yuriy Potyomkin,1947,[''],['Reparto'],Sin oscar
Soham Chakraborty,1984,[''],"['Reparto', 'Producción']",Sin Oscar
Edgar C. Douglas,No data,['Love Your Mama'],['Reparto'],Sin oscar
Vyacheslav Molokov,1955,"['Likvidatsiya', '2007 • 2 episodios', '2002', '1990', '1977']",['Reparto'],Sin oscar
Josh Mostel,1946,[''],"['Reparto', 'Banda sonora']",Sin oscar
Vasilis Kolovos,1945,[''],['Reparto'],Sin oscar
Kaoru Sugita,No data,"['Kaze, surôdaun', '5,7']","['Producción', 'Dirección de producción']",Sin oscar
Isabel Iglesias,1971,"['What Is the Electric Car?', 'Encantada de la vida', '1993 • 1 episodio', 'Self', 'Serie de TV']",['Producción'],Sin oscar
Ludovica Modugno,1949,"['Juego de lágrimas', 'Un italiano en Noruega', 'La hija de Mussolini', '2005', 'Checca, sorella di Madonna Libera']","['Reparto', 'Equipos adicionales', 'Sonido']",Sin Oscar
Klaus Rathjens,No data,"['Für immer und immer', 'Herzlich willkommen']",['Reparto'],Sin oscar
Barbara Scoppa,1957,"['Ginger y Fred', 'Turbo', '2001 • 1 episodio', '1986', 'Anna Giusti']",['Reparto'],Sin oscar
Bart Fouche,No data,"['Invictus', 'Escape Room', 'El corredor del laberinto: La cura mortal', 'Monster Hunter']","['Reparto', 'Dirección de la segunda unidad o asistencia a dirección', 'Guion']",Más en IMDbPro
Jean-Marie Winling,1947,"['Nicolas Le Floch', '2008–2013 • 9 episodios', '2007', 'Henri Esperanza', 'Lignière']","['Reparto', 'Equipos adicionales', 'Banda sonora']",Sin oscar
Phyllis Logan,1956,[''],"['Reparto', 'Banda sonora']",Ganó 1 premio BAFTA
Nagendra Babu,19??,"['Rudra Veena', 'Jailer', '420', 'Gudumba Shankar']","['Reparto', 'Producción', 'Guion']",Sin Oscar
Arap Celal,1922,"['Kibar Feyzo', 'Jilet Kazim', 'Çakal Avi', '5,9']",['Reparto'],Sin oscar
Tomorô Taguchi,1957,[''],"['Reparto', 'Dirección']",Sin Oscar
Andrew Divoff,1955,[''],"['Reparto', 'Producción']",Sin Oscar
Zoltán Hegyi,No data,"['Magdolna', '6,3']","['Reparto', 'Producción']",Sin oscar
Dana Syslová,1945,[''],"['Reparto', 'Banda sonora']",Sin oscar
Richard Linklater,1960,[''],"['Producción', 'Dirección', 'Guion']",Nominado para 5 premios Óscar
Josip Genda,1943,"['Sedma kronika', 'Kanjon opasnih igara', 'Vrijeme ratnika', 'Lito vilovito']",['Reparto'],Sin Oscar
Indra Brike,1957,[''],['Reparto'],Sin Oscar
Keiko Matsuzaka,1952,"['Shi no toge', 'Kamata kôshinkyoku', 'Dôtonborigawa', 'Seishun no mon']","['Reparto', 'Banda sonora']",Sin Oscar
Ace Vergel,1952,[''],['Reparto'],Sin Oscar
Zaza Kolelishvili,1957,[''],"['Reparto', 'Dirección', 'Guion']",Sin oscar
Jai Ganesh,No data,"['Nilaave Vaa', 'Maanbumigu Maanavan', 'Ennai Thalatta Varuvala', 'Priyamudan']",['Reparto'],Sin oscar
Rezo Tabukashvili,No data,"['Kvali nateli', 'Guion', 'Guion', 'Guion']","['Guion', 'Dirección', 'Reparto']",Sin oscar
John Cusack,1966,[''],"['Reparto', 'Producción', 'Guion']",Nominado a 1 premio BAFTA
Lazar Ristovski,1952,[''],"['Reparto', 'Producción', 'Guion']",Sin Oscar
Alan Bates,1934,[''],"['Reparto', 'Producción', 'Banda sonora']",Nominado para 1 premio Óscar
Anna Lizaran,1944,[''],"['Reparto', 'Dirección']",Sin Oscar
Dawn Archibald,1958,[''],['Reparto'],Sin oscar
C.I. Paul,2005,"['Vrutham', 'Ee Sabdam Innathe Sabdam', 'Moonnam Mura', 'The King']",['Reparto'],Sin oscar
Natalya Danilova,1955,[''],['Reparto'],Sin oscar
Panos Kranidiotis,No data,"['Waiting Room', 'Haireta mas ton platano', 'Kokkinos kyklos', '2000–2002 • 3 episodios', 'Stefanos']",['Reparto'],Más en IMDbPro
Davor Janjic,1969,[''],['Reparto'],Sin Oscar
Richard Anconina,1953,[''],"['Reparto', 'Banda sonora']",Sin Oscar
Brian McMillan,1949,"['El tren del infierno', 'Mensajero del futuro', 'Congo', 'Darkman']","['Equipos adicionales', 'Especialistas', 'Dirección de la segunda unidad o asistencia a dirección']",Sin oscar
Julio Edgardo Monge,No data,"['La huella de un asesino', '4,3', '4,8', 'Reparto']",['Reparto'],Sin oscar
Hector Elias,1941,[''],"['Reparto', 'Equipos adicionales']",Sin oscar
Isabella Rossellini,1952,[''],"['Reparto', 'Dirección', 'Guion']",Nominado para 1 premio Primetime Emmy
Suzan Kardes,1960,"['Organize Isler', 'Hokkabaz', 'Seksenler', '2012–2020 • 180 episodios', '2015']","['Reparto', 'Maquillaje', 'Música']",Sin Oscar
Leif Forstenberg,1932,[''],['Reparto'],Sin oscar
Gil Frank,1962,[''],['Reparto'],Sin oscar
Birgitte Simonsen,1960,"['Midsommer', 'Lykkefanten', 'El tesoro de los caballeros templarios: El arca', 'El tesoro de los caballeros templarios: El Santo Grial']",['Reparto'],Sin Oscar
Keiko Kishi,1932,[''],"['Reparto', 'Banda sonora']",Sin Oscar
Alan B. Samuels,2011,"['Desafío total', 'Get Carter (Asesino implacable)', 'Black Rain', 'Swingers']","['Sonido', 'Cámara y electricidad', 'Reparto']",Sin oscar
Svetozar Polic,No data,"['Sladke sanje', 'Zvenenje v glavi', 'Do konca in naprej', 'Veter v mrezi']",['Reparto'],Sin oscar
Tatjana Vencelovski,1965,"['Zaboravljeni', '1992 • 9 episodios', '1987', 'Kizina majka(as Tanja Vencalovski)', 'Vera']",['Reparto'],Sin oscar
Robert Powell,1944,[''],"['Reparto', 'Equipos adicionales']",Nominado a 1 premio BAFTA
Valeria Golino,1965,[''],"['Reparto', 'Dirección', 'Producción']",Sin Oscar
Denis Fouqueray,No data,"['La belle captive', 'El favor, el reloj, y el gran pescado', 'Los inmortales', '1994 • 1 episodio', 'Detective(as Denys Fouqueray)']",['Reparto'],Sin oscar
Veronica Dei,No data,['No molestes más'],['Reparto'],Sin oscar
Mathieu Bauer,No data,"['Les yeux menteurs du jour', 'Please Kill Me', '5,7', '5,9']","['Reparto', 'Dirección', 'Guion']",Sin Oscar
Marie Matheron,1959,"['La lettre à Dédé', 'Primer verano', 'Polvo de ángel', 'La règle du je']",['Reparto'],Sin Oscar
Kenneth Söderman,1957,"['Rederiet', '1992–2002 • 296 episodios', '2004', '1990', '1993']","['Reparto', 'Banda sonora']",Sin oscar
Manca Kosir,1948,"['El abedul', 'Ko pride lev', 'Marija', '1977 • 4 episodios', '1975']",['Reparto'],Sin oscar
Barbara Sukowa,1950,[''],"['Reparto', 'Banda sonora', 'Música']",Sin Oscar
Dagmar Beiersdorf,1944,"['Dirty Daughters oder Die Hure und der Hurensohn', 'Puppe kaputt', '7,4', 'Dirección']","['Reparto', 'Dirección de la segunda unidad o asistencia a dirección', 'Dirección']",Sin oscar
Yevgeny Barkov,1934,[''],['Reparto'],Sin oscar
Shigeru Izumiya,1948,"['Hâremu Barentain Dei...', 'Pompoko', 'Desu pawuda', 'Yaju-deka']","['Reparto', 'Guion', 'Composición']",Sin Oscar
Geng Li,No data,[''],"['Composición', 'Música', 'Banda sonora']",Más en IMDbPro
Paul Freeman,1943,[''],['Reparto'],Sin Oscar
Gene Bicknell,No data,[''],"['Reparto', 'Producción', 'Guion']",Sin oscar
Dorothée Berryman,1948,[''],['Reparto'],Sin Oscar
Josef Griesser,1937,"['Idomeneo', '7,9', 'El valle oscuro', 'Flashback - Mörderische Ferien']",['Reparto'],Sin oscar
Tsurube Shôfukutei,1951,"['Dia dokutâ', 'Fushigi na misaki no monogatari', 'Closed Ward', 'Otôto']",['Reparto'],Sin Oscar
Rena Craig,No data,"['The Color of Evening', 'A Peaceable Kingdom', '1989 • 1 episodio', 'Bitty CantrellLady M.C.', 'Serie de TV']",['Reparto'],Sin oscar
Turhan Aksoy,No data,['Soguktu ve Yagmur Çiseliyordu'],['Reparto'],Sin oscar
Jim Carter,1948,[''],"['Reparto', 'Equipos adicionales', 'Banda sonora']",Nominado para 4 premios Primetime Emmy
Masato Furuoya,1957,"['Hipokuratesu-tachi', 'Uchuu no hosoku', 'Endoresu warutsu', 'Eien no ko', '2000 • 11 episodios']",['Reparto'],Sin Oscar
Arturo Bonín,1943,[''],['Reparto'],Sin oscar
Nelly Alard,No data,"['Flash-back (El apartamento)', 'Venice/Venice', 'Joséphine, ange gardien', '2010 • 1 episodio', '1990']","['Guion', 'Reparto']",Sin oscar
Mahrokh Ahankhah,No data,['Primer plano'],No data,Sin oscar
Xudong Sun,No data,['Iron & Silk'],['Reparto'],Sin oscar
Aleksandr Belyavskiy,1932,[''],"['Reparto', 'Banda sonora']",Sin Oscar
Norma Aleandro,1936,[''],"['Reparto', 'Guion']",Nominado para 1 premio Óscar
Daniel Stern,1957,[''],"['Reparto', 'Dirección', 'Guion']",Sin Oscar
Bill Erwin,1914,[''],"['Reparto', 'Equipos adicionales', 'Banda sonora']",Nominado para 1 premio Primetime Emmy
Petra Scharbach,No data,"['Lolita 2000', 'Metti un diavolo a cena', '5,8', '4,9']",['Reparto'],Sin oscar
Mammukoya,1946,[''],['Reparto'],Sin oscar
Peter Sodann,1936,"['Erscheinen Pflicht', 'En el lugar del crimen', '1992–2007 • 45 episodios', 'Schermutzki', 'Serie de TV']",['Reparto'],Sin Oscar
Mustafa Suphi Baltaci,1949,"['Japon Isi', 'Yedi Uyuyanlar', 'Sari Mercedes', 'Nar Kirmizi / Can Borcu']",['Reparto'],Sin oscar
Yaman Tüzcet,1942,"['Nokta ile Virgül: Paldir Küldür', 'Sosyete Saban', 'Abuzer Kadayif', 'Hababam Taburu']","['Reparto', 'Guion']",Sin oscar
Rosie Gaines,No data,"['Goofy e hijo', 'Prince and the New Power Generation: Diamonds and Pearls Live at Glam Slam', 'Frauen sind was Wunderbares', 'Prince Interactive', '1994']","['Reparto', 'Composición', 'Banda sonora']",Sin Oscar
Helmut Kohl,1930,"['Rotwang muß weg!', 'Lindenstraße', '1994 • 1 episodio', '1990', '1992']",['Reparto'],Sin Oscar
Estrella Kuenzler,2012,"['Pila-balde', 'Orapronobis', 'Sa init ng apoy', 'Experience']",['Reparto'],Sin Oscar
Raúl Fraire,1932,[''],['Reparto'],Sin oscar
Muso Isoyev,No data,"['Iskuplenie', '7,1', 'Reparto', 'Reparto']",['Reparto'],Sin oscar
Tomislav Maretic,1951,"['Rosencrantz y Guildenstern han muerto', 'Nausikaja', 'Cetverored']",['Reparto'],Sin oscar
Ljuba Skorepová,1923,[''],"['Reparto', 'Banda sonora']",Sin oscar
Gam-Hung Fung,No data,"['Siu sang mung ging wan', 'Hong fu qi tian', 'Ren hai gu hong', 'Mong foo sing lung']",['Reparto'],Más en IMDbPro
Yanara Moreno,No data,"['Hello Hemingway', 'La isla interior', 'Que parezca un accidente', 'Morir en el intento']",['Reparto'],Sin oscar
Robert De Niro,1943,[''],"['Reparto', 'Producción', 'Dirección']",Ganó 2 premios Óscar
Hilde Aarø,No data,"['Til en ukjent', 'Et godt tilbud']","['Reparto', 'Equipos adicionales']",Sin oscar
Chiara Caselli,1967,[''],"['Reparto', 'Dirección', 'Guion']",Sin Oscar
Lawrence Cheng,1954,[''],"['Reparto', 'Guion', 'Producción']",Sin Oscar
Yoshimi Ashikawa,1958,"['Jingi', 'Anshitsu', 'Ebarake no hitobito', 'Reparto']",['Reparto'],Sin oscar
Marie Dubois,1937,[''],"['Reparto', 'Equipos adicionales']",Sin Oscar
Cem Bender,1965,"['Omar and Us', 'Hakan, el protector', '2018 • 2 episodios', '2011', 'Osman']",['Reparto'],Sin Oscar
Viveka Davis,1969,[''],"['Reparto', 'Diseño de producción']",Sin oscar
Erik Borgman,No data,"['Pink Ulysses', 'La magie continue', '1986']",['Reparto'],Sin oscar
Héctor Kiev,1951,"['Arizona', 'Con el odio en la piel', 'La contrabandista', 'Crimen en Los Angeles']","['Reparto', 'Guion', 'Dirección']",Sin oscar
Khurgulek Kongar,No data,['Vozvrashchenie Khodzhi Nasreddina'],['Reparto'],Sin oscar
Lorraine Bracco,1954,[''],"['Reparto', 'Producción', 'Dirección']",Nominado para 1 premio Óscar
László Kistamás,1958,"['Meteo', 'A szárnyas ügynök', 'Reparto', 'Attorney Torma']",['Reparto'],Sin oscar
Bo Bojoh,No data,"['Floodlands', '2019 • 5 episodios', '1990', 'Maïda', 'Serie de TV']",['Reparto'],Sin oscar
Anirudh Agarwal,1949,[''],"['Reparto', 'Dirección']",Sin oscar
Pierre Richard,1934,[''],"['Reparto', 'Guion', 'Dirección']",Sin Oscar
Ina Cissé,No data,"['Tilaï (Cuestión de honor)', 'La colère des dieux']",['Reparto'],Sin oscar
Daniel Capelle,No data,"['Enemigo Público', '2016 • 10 episodios', 'Composición']",['Composición'],Sin oscar
Sam Besekow,1911,"['Midsommerdrøm i fattighuset', 'Hosekræmmeren', 'Matador', '1965', '1970']","['Dirección', 'Reparto', 'Guion']",Sin oscar
Satoko Iwasaki,1966,"['Rippu Van Winkuru no hanayome', 'La balada de Narayama', 'Zegen, el señor de los burdeles', ""Kin'yû fushoku rettô: Jubaku""]",['Reparto'],Sin oscar
Petr Cepek,1940,[''],"['Reparto', 'Banda sonora']",Sin Oscar
William De Vital,1959,[''],"['Especialistas', 'Reparto', 'Dirección']",Sin Oscar
Sara Marques,No data,"['Desempregato', '2017', 'Guion', 'Girl']","['Guion', 'Dirección', 'Reparto']",Sin Oscar
Da Guo,No data,"['Jun zi meng', '2023']",['Guion'],Sin oscar
Ciaran Madden,1942,[''],"['Reparto', 'Banda sonora']",Sin oscar
Ugo Tognazzi,1922,[''],"['Reparto', 'Dirección', 'Guion']",Sin Oscar
Kalin Shivarov,No data,['Defitzit'],['Reparto'],Sin oscar
Melora Hardin,1967,[''],"['Reparto', 'Dirección', 'Producción']",Nominado para 1 premio Primetime Emmy
Bülent Kayabas,1945,"['Kirmizi Gece', 'Yengen', 'Karateci Kiz', 'Bir Baba Hindu']","['Reparto', 'Guion', 'Dirección de la segunda unidad o asistencia a dirección']",Sin oscar
Matthew Modine,1959,[''],"['Reparto', 'Producción', 'Dirección']",Nominado para 1 premio Primetime Emmy
Petko Dikov,No data,"['Reserwat', 'Vse otlagam da te zabravya', '7,2']",['Reparto'],Sin oscar
Vania Tzvetkova,1958,"['Barierata', 'Sedem chasa razlika', '2011–2013 • 76 episodios', '1985', '1982']",['Reparto'],Sin Oscar
Mineko Mori,No data,"['Allá en el Rancho', 'Un gallo con muchos huevos']","['Reparto', 'Producción', 'Guion']",Más en IMDbPro
Peter Bolhuis,1954,"['Sjans', '1992–1994 • 26 episodios', 'Van den Houwert', 'Thijs', 'Serie de TV']","['Reparto', 'Guion', 'Banda sonora']",Sin oscar
Siqin Gaowa,1949,[''],['Reparto'],Sin Oscar
Carl Sjöström,No data,"['Solsidan', '2010 • 9 episodios']",['Reparto'],Sin oscar
Anton Radichev,1947,"['Rottenbury Drive', 'Serie de TV', 'Reparto', 'Mazhat na Pepi']","['Reparto', 'Dirección de producción']",Sin oscar
Sumeet Saigal,1966,[''],"['Reparto', 'Producción']",Sin oscar
David Cloud,No data,"['La matanza de Texas III', 'After MASH', '1983 • 1 episodio', 'Larry', 'Reparto']","['Reparto', 'Banda sonora']",Sin oscar
Jade Magri,No data,"['Más allá de la aventura', 'La cadena', 'Runaway Bay', '1993 • 3 episodios', 'Young Girl']",['Reparto'],Sin oscar
Sonia Braga,1950,[''],"['Reparto', 'Producción', 'Equipos adicionales']",Nominado para 1 premio Primetime Emmy
Kin Sugai,1926,[''],['Reparto'],Sin Oscar
Kwok Wing Ha,No data,"['Armas invencibles', 'Los piratas del mar de China', 'El cristal mágico', 'Iron Angels']","['Reparto', 'Especialistas']",Sin oscar
Billie Bird,1908,[''],"['Reparto', 'Banda sonora']",Sin oscar
Kirti Kumar,No data,"['Hatya', 'Aunty No. 1', 'Naseeb', 'Do Ankhen Barah Hath']","['Reparto', 'Dirección', 'Música']",Sin oscar
Dominique Serrand,No data,"['Malavita', 'Trauma', 'The Usual', 'Old Explorers']",['Reparto'],Sin oscar
Courtney Thorne-Smith,1967,[''],"['Reparto', 'Producción', 'Banda sonora']",Sin Oscar
Gopalakrishna Paruchuri,1946,"['Ganesh', 'Kai Raja Kai', 'Guion', 'Guion']","['Guion', 'Reparto', 'Guion y continuidad']",Sin Oscar
Preeti Sapru,1957,"['Sardari', 'Qurbani Jatt Di', 'Teri Meri Gal Ban Gayi', 'Mehndi Shagna Di']","['Reparto', 'Guion', 'Dirección']",Sin Oscar
Albert Schultz,1963,"['The Red Green Show', '1996–1998 • 11 episodios', 'Dr. Noah Knelman', 'Anderson', 'Serie de TV']","['Reparto', 'Producción', 'Guion']",Sin Oscar
James Pax,No data,[''],"['Reparto', 'Dirección', 'Producción']",Más en IMDbPro
Yuriy Kuznetsov,1946,[''],['Reparto'],Sin Oscar
Nuriya Akhmedova,1950,"['Yoxlama', 'Ölsäm... bagisla', 'Hökm', '8,4']",['Reparto'],Sin oscar
Jocelyn Betheras,No data,['Struck by Lightning'],['Reparto'],Sin oscar
Eri Fuse,1962,"['Boiling point (Punto de ebullición)', 'Ore ore', 'Entre los sueños y la muerte', 'Hana y Alice']",['Reparto'],Sin oscar
Chris Mulkey,1948,[''],"['Reparto', 'Producción', 'Guion']",Sin Oscar
Donald Craig,1941,"['La sombra de los culpables', 'Dos sabuesos despistados', 'Se ha escrito un crimen', '1986–1989 • 2 episodios', 'Hospital Intern']",['Reparto'],Sin oscar
Antonio Eric,No data,"['Operación asesinato', '6,7', '5,0', '3,2']",['Reparto'],Sin oscar
Hector Vega Mauricio,1965,[''],"['Reparto', 'Producción', 'Dirección']",Sin oscar
Brian Tarantina,1959,[''],"['Reparto', 'Banda sonora']",Sin Oscar
Doreen Warburton,1930,"['The Evil Touch', '1973 • 1 episodio', '1966', '1964 • 1 episodio', ""Anna BrandellDiane 'Girlie' PiperEdith Farrell""]",['Reparto'],Sin oscar
Luigi Montini,1934,"['Mediterráneo', ""La ragazza dell'addio"", 'Satanik', 'Il maresciallo Rocca', '1996–2005 • 10 episodios']","['Reparto', 'Equipos adicionales']",Sin oscar
K.P. Ummer,2001,[''],['Reparto'],Sin oscar
Dan Bonnell,No data,"['The Warriors: Los amos de la noche', 'How to Be Louise']",['Reparto'],Sin oscar
Gogi Kharabadze,1942,"['Chemi megobari Nodari', 'Gaseirneba Karabaghshi', 'Giorgobistve', 'Glakhis naambobi']",['Reparto'],Sin oscar
Saori Ogawa,No data,"['Saishin sôpu tekunikku 2: Awa-hime goten', 'Reparto']",['Reparto'],Sin oscar
Philippe Brizard,1933,"['Las aventuras de Dabert', '1974 • 3 episodios', '1978', '1974', '1971']",['Reparto'],Sin oscar
Simone Robertson,1975,"['El mundo perdido', '2001 • 1 episodio', 'Andrea Tell', 'Serie de TV', '7,0']",['Reparto'],Sin oscar
Marco Sison,No data,[''],"['Reparto', 'Música', 'Banda sonora']",Más en IMDbPro
Nicole Berger,1934,[''],['Reparto'],Sin oscar
Annie Malan,No data,"['The Jakes Are Missing', 'Vlugtig', 'Saartjie', ""'n Pot Vol Winter""]",['Reparto'],Sin oscar
Maximilian Müller,No data,"['Die Kiste', '2010', '2018']",['Sonido'],Sin oscar
Betül Aytaç,No data,"['Ayaz Geceler', '3,8', '4,4']",['Reparto'],Sin oscar
Von Vivar,No data,"['Ikasa Mo, Ipuputok Ko']",['Reparto'],Sin oscar
Boro Stjepanovic,1946,"['En tierra de nadie', 'Most na kraju svijeta', 'Línea no regular', 'Audicija', '1985']","['Reparto', 'Dirección', 'Guion']",Sin Oscar
Barry Karas,1945,"['Las chorradas de mi padre', '2010 • 1 episodio', '2007', '1995', 'BarryMan in Bookstore']","['Reparto', 'Equipos adicionales']",Sin oscar
Kaori Momoi,1952,[''],"['Reparto', 'Guion', 'Dirección']",Sin Oscar
Miguel Rellán,1943,[''],"['Reparto', 'Guion', 'Composición']",Sin Oscar
Ashley Wanninger,No data,"['La vida en rosa: Edith Piaf', 'Sex Is Comedy', 'Romance X', 'Héroes del cielo']","['Reparto', 'Arte']",Más en IMDbPro
Patrick Laval,No data,"['À vous de jouer Milord', '1974 • 1 episodio', '1979', '1990', 'Ambroise Lapin']",['Reparto'],Sin oscar
Keir Giles,1968,"['A Captive in the Land', 'CBC Rundown with Andrew Nichols', 'The Afternoon Agenda', 'The Political Correction', '2022 • 1 episodio']",['Reparto'],Sin oscar
Paraskeva Djukelova,1970,[''],"['Reparto', 'Dirección de casting']",Sin Oscar
Eszter Nagy-Kálózy,1966,"['Hamvadó cigarettavég', 'Édes Anna', '1990', '1990', 'Fifóné Gellényi Anikó']",['Reparto'],Sin Oscar
Thomas Mikal Ford,1964,[''],"['Reparto', 'Producción', 'Dirección']",Sin Oscar
Evgeniy Djurov,No data,"['Dnevnikat na edin lud', 'Lagerat']","['Reparto', 'Producción']",Sin oscar
Peter Boesen,1945,"['Sirup', 'Aftenlandet', 'Næste stop paradis', 'Koks i kulissen']","['Reparto', 'Guion']",Sin oscar
Bertel Abildgaard,1955,"['Elsker elsker ikke...', ""Kaj's fødselsdag"", 'Elvis Hansen, en samfundshjælper', 'Brødrene Øbberbøv', '1983 • 1 episodio']",['Reparto'],Sin oscar
Raj Babbar,1952,[''],"['Reparto', 'Música']",Sin Oscar
John Beck,1943,[''],"['Reparto', 'Banda sonora']",Sin oscar
Peter Schrøder,1946,"['Det forsømte forår', 'Springflod', 'Dicte', '2013–2014 • 20 episodios', '1995']","['Reparto', 'Dirección', 'Guion']",Sin Oscar
Marta Martin,No data,"['Star Trek', 'Policías de Nueva York', '1994–1999 • 2 episodios', '1991', 'Milagra']",['Reparto'],Más en IMDbPro
Gosia Dobrowolska,1958,"['Silver City', ""A Woman's Tale"", 'Tydzien z zycia mezczyzny', 'Kevin Rampenbacker and the Electric Kettle']","['Reparto', 'Diseño de vestuario']",Sin Oscar
Philippe Volter,1959,[''],['Reparto'],Sin Oscar
Edwige Navarro,1974,[''],['Reparto'],Sin oscar
Gert Gütschow,1928,"['Addio, piccola mia', 'Es ist eine alte Geschichte', '7,3', '6,8']",['Reparto'],Sin oscar
Suzy Falk,1922,"['Bienvenidos a Belleville', 'Si hoy es martes, esto es Bélgica', 'Las brigadas del tigre', '1975 • 1 episodio', '1972']",['Reparto'],Sin oscar
Lorenzo Bonaccorsi,No data,"['Diamond Connection', 'Malizia oggi']",['Reparto'],Sin oscar
Aleksandr Goloborodko,1938,[''],"['Reparto', 'Banda sonora']",Sin Oscar
Stanislawa Celinska,1947,[''],"['Reparto', 'Banda sonora']",Sin Oscar
Massimo Ceccherini,1965,[''],"['Reparto', 'Guion', 'Dirección']",Sin Oscar
Fennie Yuen,1969,[''],['Reparto'],Sin oscar
Gerardo Scala,No data,"['Scugnizzi', 'Computron 22', 'Così parlò Bellavista', 'Café Express']",['Reparto'],Sin oscar
Vanessa Shaw,1951,"['Horror en el hospital', 'Fraud Squad', '1970 • 1 episodio', 'Miss Pantile(as Phoebe Shaw)', 'Babs(as Phoebe Shaw)']",['Reparto'],Sin oscar
Ornella Marini,No data,"['Benvenuti in casa Gori', 'Zitti e mosca', 'Con los ojos cerrados']",['Reparto'],Sin oscar
Yuk Kee Lau,No data,"['Juego sucio 3', 'Yee daam hung sam', 'Zhuang zhi xiong xin', 'Fung yue tung lo']",['Reparto'],Sin oscar
Jeon Ho Jin,No data,"['Zzolbyeong sucheob', 'Reparto', '1990']",['Reparto'],Sin oscar
Hironobu Nomura,1965,"['Mein têma', 'Kamen Raidâ Heisei Jenerêshonzu: Dokutâ Pakkuman tai Eguzeido ando Gôsuto wizu Rejendo Raidâ', 'Kamen raidâ Eguzeido', '2016–2017 • 15 episodios', '2011 • 1 episodio']",['Reparto'],Sin Oscar
Laura Tovar,2014,"['La muerte acecha', 'Reparto', '1984', '1996']","['Reparto', 'Guion', 'Producción']",Sin oscar
Antonino Solmer,1950,"['O Príncipe com Orelhas de Burro', 'O Beijo de Judas', 'Duarte & C.a', '1988–1989 • 6 episodios']","['Reparto', 'Equipos adicionales']",Sin oscar
Sergey Nikonenko,1941,[''],"['Reparto', 'Dirección', 'Guion']",Sin Oscar
Albano Bufalini,No data,"['Animali metropolitani', 'Il maresciallo Rocca', '1996 • 1 episodio', 'Acquirente arrabbiato', 'Portiere Guido']",['Reparto'],Sin oscar
Yin Tse,1936,[''],"['Reparto', 'Producción', 'Dirección']",Sin Oscar
Vinod Kumar,No data,"['Vada Chennai', 'Moothon', 'Visaranai', 'Power Paandi']",['Producción'],Sin oscar
Armando Duarte,No data,"['Estos zorros locos, locos, locos', 'El hijo del Sheriff', 'Hallazgo sangriento', 'Producción']","['Reparto', 'Producción']",Sin oscar
Edgar Mande,No data,[''],['Reparto'],Más en IMDbPro
Richard Newton,1911,"['El agente Burke', '1963–1965 • 56 episodios', 'Producción', 'Serie de TV', '5,3']","['Producción', 'Reparto', 'Guion']",Sin oscar
Sangeetha,1976,[''],['Reparto'],Sin Oscar
Johnny Depp,1963,[''],"['Reparto', 'Producción', 'Dirección']",Nominado para 3 premios Óscar
Jack David Walker,1958,"['Tessa Moon: Before the Beginning', 'Waxwork: Museo de cera', 'Brainsick', 'Masacre en Central High']","['Reparto', 'Cámara y electricidad', 'Producción']",Sin oscar
Serpil Tamur,1944,[''],['Reparto'],Sin oscar
Kahil Karn,No data,"[""You're Driving Me Crazy"", 'Malarek', 'Partir de cero', '1989 • 1 episodio']",['Reparto'],Sin oscar
Dan Fernandez,No data,[''],['Reparto'],Más en IMDbPro
Lea Massari,1933,[''],"['Reparto', 'Guion', 'Vestuario']",Sin Oscar
Nikola Vuchkov,No data,"['Prizemyavane', 'Muzikalen moment']",['Reparto'],Sin oscar
Riina Hein,No data,[''],['Reparto'],Más en IMDbPro
Kazuhiko Kanayama,1967,"['Shin kanashiki hittoman', 'Burai heiya', '7,3', 'Gekijôban kamen raidâ Kiba: Makaijô no ô']",['Reparto'],Sin Oscar
Marco Antonio Solís,1959,[''],"['Music Artist', 'Música', 'Composición']",Sin Oscar
Frank Vincent,1937,[''],"['Reparto', 'Producción', 'Equipos adicionales']",Sin Oscar
Régis Royer,No data,[''],"['Reparto', 'Equipos adicionales']",Sin Oscar
Ernst Günther,1933,[''],"['Reparto', 'Dirección', 'Guion']",Sin Oscar
Gustavo Bueno,No data,[''],"['Reparto', 'Producción']",Sin oscar
Kiefer Sutherland,1966,[''],"['Reparto', 'Producción', 'Equipos adicionales']",Ganó 2 premios Primetime Emmy
Nelly Frijda,1936,[''],"['Reparto', 'Banda sonora']",Sin Oscar
Aleksandar Bercek,1950,"['Línea no regular', 'Uvod u drugi zivot', 'El polvorín', 'Juzni vetar']","['Reparto', 'Dirección', 'Guion']",Sin Oscar
Mohnish Behl,1961,[''],"['Reparto', 'Música']",Sin Oscar
Brian Dennehy,1938,[''],"['Reparto', 'Producción', 'Dirección']",Nominado para 6 premios Primetime Emmy
Sanghamitra Banerjee,2016,[''],"['Reparto', 'Música']",Sin oscar
Fabijan Sovagovic,1932,"['Ritam zlocina', 'Covjek koji je volio sprovode', 'Lisice', 'El maestro y Margarita']","['Reparto', 'Guion']",Sin Oscar
Jackson Idrian Gallego,No data,['Rodrigo D: No futuro'],['Reparto'],Sin oscar
David Hoflin,1979,[''],['Reparto'],Sin Oscar
Judit László,No data,['Meteo'],['Reparto'],Sin oscar
Subhendu Chatterjee,1936,[''],['Reparto'],Sin oscar
Kevin Tighe,1944,[''],"['Reparto', 'Dirección', 'Especialistas']",Sin Oscar
Pietro De Vico,1911,"['El retorno de Maciste', 'Llegaron los marcianos', 'Mi vedrai tornare', 'A sud niente di nuovo']",['Reparto'],Sin oscar
Kaikala Satyanarayana,1935,"['Kurukshetramu', 'Sri Krishnarjuna Yudham', 'Daana Veera Soora Karna', 'Ghatotkachudu']","['Reparto', 'Producción']",Sin Oscar
Storm Richardson,No data,['Old Explorers'],['Reparto'],Sin oscar
Teco Celio,1952,"['Tres colores: Rojo', 'Habemus Papam', 'Suave es la noche', '1985 • 1 episodio', 'Pietro']",['Reparto'],Sin Oscar
Johana Hernández,No data,"['Rodrigo D: No futuro', 'Sally, la muñequita del pueblo']",['Reparto'],Sin oscar
Hyeon-ju Kim,No data,"[""Rich Family's Son"", '2018 • 58 episodios']",['Reparto'],Sin oscar
Daniel Fanego,1955,[''],"['Reparto', 'Edición']",Sin Oscar
Nathalie Cardone,1967,"['El infierno', 'Un extraño lugar para un encuentro', 'Las aventuras del joven Indiana Jones', '1993 • 1 episodio', '1990']",['Reparto'],Sin Oscar
David Milton-Jones,No data,"['American cyborg: El guerrero de acero', 'Small World', '1988 • 4 episodios', 'Nigel', 'British officer(as David Milton John)']",['Reparto'],Sin oscar
Simon de La Brosse,1965,[''],['Reparto'],Sin Oscar
Peter Holliger,1945,"['Die schwarze Spinne', 'Black Money - Verfilzung... Macht... Korruption', '8,7', '7,0']","['Reparto', 'Guion']",Sin oscar
Gudrun Geier,No data,No data,No data,Sin oscar
Jacaranda Alfaro,No data,"['Asalto mortal', '6,7', '5,6', '4,0']",['Reparto'],Sin oscar
John Saxon,1936,[''],"['Reparto', 'Dirección']",Sin Oscar
Bette Ford,1927,[''],['Reparto'],Sin oscar
Stanka Gjuric,No data,"['Perfect Tattoo', '2017', '2007', 'Guion', 'Guion']","['Guion', 'Dirección', 'Dirección de fotografía y cámara']",Sin Oscar
Shulamit Adar,No data,"['Voyages', 'Reyes y reina', 'Les murs porteurs', ""Ahavata Ha'ahronah Shel Laura Adler""]",['Reparto'],Sin oscar
Maurice Chevit,1923,"[""L'auvergnat et l'autobus"", 'Maigret', '2003 • 1 episodio', '1964–1965 • 2 episodios', '1990']","['Reparto', 'Guion']",Sin oscar
Jacques Nolot,1943,[''],"['Reparto', 'Guion', 'Dirección']",Sin Oscar
Alan Braine,No data,['1871'],['Reparto'],Sin oscar
Ted Danson,1947,[''],"['Reparto', 'Producción', 'Banda sonora']",Ganó 2 premios Primetime Emmy
Edie Falco,1963,[''],"['Reparto', 'Producción', 'Dirección de casting']",Ganó 4 premios Primetime Emmy
Chû Arai,1928,"['Dorifutazu desu yo! Totte totte torimakure', 'Edogawa Rampo no bijo', 'Dorifutazu desu yo! Bôken bôken mata bôken', 'Reparto(as The Drifters)']",['Reparto'],Sin oscar
Vincent Marzello,1951,"['La maldición de las brujas', 'Superman', 'La espía que me amó', 'Nunca digas nunca jamás']",['Reparto'],Sin oscar
Humberto Lobato,No data,"['Secuestro a mano armada', '7,0', '6,9', '3,8']",['Reparto'],Sin oscar
Sophia Directzovian,No data,['Mulwireul geodneun yeoja'],['Reparto'],Sin oscar
Satish Kaul,1946,"['Janam Janam', 'Sheetla Mata', 'Hatya', 'Kasam']",['Reparto'],Sin oscar
Saskia Reeves,1961,[''],"['Reparto', 'Banda sonora']",Sin Oscar
Willy Parsons,1959,"['Nada que perder', 'Smart Alex', 'Chasing Robert', 'Mistaken Identity']","['Reparto', 'Guion']",Sin oscar
Bruce Myers,1942,"['La insoportable levedad del ser', 'Cazatesoros', '2001 • 1 episodio', '1989', '1979']",['Reparto'],Sin oscar
Lise Cutter,1959,[''],['Reparto'],Sin oscar
Nini Crépon,1953,"['Le Léopard', 'Péché véniel... péché mortel...', 'Cap Canaille', 'Pentimento']",['Reparto'],Sin oscar
Pia Bäckström,1936,"['Flickan, mamman och demonerna', 'Mamma', 'Livsfarlig film', 'Bara du & jag']",['Reparto'],Sin oscar
Roselle Agana,No data,"['Lintik lang ang walang ganti!', 'Reparto', '1991']",['Reparto'],Sin oscar
Rémi Martin,1965,"['Consejo de familia', 'Mafiosa', '2006–2007 • 7 episodios', '2008', '1987']",['Reparto'],Sin Oscar
Leticia Vasquez,No data,"['A través del tiempo', '1990 • 1 episodio', '2005', '2001', '1990']","['Reparto', 'Guion', 'Producción']",Sin oscar
Yorgo Voyagis,diciembre,[''],"['Reparto', 'Cámara y electricidad', 'Producción']",Sin oscar
Maria Grazia Cucinotta,1968,[''],"['Reparto', 'Producción', 'Dirección']",Sin Oscar
Stella Maris,No data,"['Sueños eléctricos', 'La reina virgen', '2005 • 1 episodio', '2003', 'Rosario Fernandez']","['Reparto', 'Equipos adicionales']",Sin oscar
Kam-Tiu Cheung,No data,"['Tong xian che', '7,0', '5,4']",['Reparto'],Sin oscar
Michel Côté,1950,[''],"['Reparto', 'Guion', 'Arte']",Sin Oscar
Cédric Dumond,No data,"['Vinland Saga', '2019 • 24 episodios', 'Reparto(voz)', 'Serie de TV', '5,9']","['Reparto', 'Equipos adicionales']",Sin oscar
Eun Kyong Soe,No data,['Soldados de inocencia'],"['Reparto', 'Producción']",Sin oscar
Yelena Stepanenko,1953,[''],"['Reparto', 'Música']",Sin oscar
Chôichirô Kawarasaki,1939,"['Gobanchô Yûgirirô', 'Profundo deseo de los dioses', 'Bakumatsu zankoku monogatari', 'Dai satsujin']",['Reparto'],Sin Oscar
Dobromir Manev,1942,"[""La strana storia di Olga 'O'"", '13ta godenitsa na printsa', 'Nyama nishto po-hubavo ot loshoto vreme', 'Skorpion sreshtu Daga']",['Reparto'],Sin oscar
Mary Kay Place,1947,[''],"['Reparto', 'Dirección', 'Guion']",Ganó 1 premio Primetime Emmy
Murman Jinoria,1947,"['Tvali patiosani', 'Khareba da Gogia', 'Cinema', 'Chakluli suli']",['Reparto'],Sin oscar
Uwe Ochsenknecht,1956,[''],"['Reparto', 'Banda sonora']",Sin Oscar
James Cairncross,1915,"['Tom Jones', 'Doctor Who', '1964–1969 • 8 episodios', 'Don AntonioDomino of EphesusDromino of Syracuse', 'Serie de TV']","['Reparto', 'Guion']",Sin oscar
Shih Chang,1966,"['Xiang jiao tian tang', 'Wu Kui', 'Live at Love', 'Wu ge nu zi he yi gen sheng zi']","['Reparto', 'Dirección', 'Guion']",Sin Oscar
Liwei Zhang,No data,['Old Beast'],['Equipos adicionales'],Sin oscar
Jeff Fahey,1952,[''],"['Reparto', 'Producción', 'Equipos adicionales']",Sin Oscar
Ira Goldenberg,No data,['The Imported Bridegroom'],['Reparto'],Sin oscar
Elizabeth Bracco,1957,[''],"['Reparto', 'Diseño de vestuario', 'Banda sonora']",Sin oscar
Yakov Yavno,1947,"['The Burning Land', 'Zakat', 'Mir vam, Sholom']",['Reparto'],Sin oscar
Michael Paré,1958,[''],"['Reparto', 'Dirección', 'Producción']",Sin Oscar
Giancarlo Esposito,1958,[''],"['Música', 'Reparto', 'Producción']",Nominado para 5 premios Primetime Emmy
Elijah Wood,1981,[''],"['Reparto', 'Producción', 'Dirección']",Sin Oscar
Tracey Walter,1947,[''],"['Reparto', 'Banda sonora']",Sin Oscar
Judith Richter,1978,"['Two Funny - Die Sketch Comedy', '2008', '2004', 'Verena StraußbergerVerena BergmeierVerena Straussberger', 'Serie de TV']",['Reparto'],Sin Oscar
Brooke Linthicum,No data,"['Miss Missouri', 'El ídolo']",['Reparto'],Sin oscar
Hristo Domuschiev,No data,"['Tazi krav tryabvashe da se prolee', '8,2', '8,2', '7,0']",['Reparto'],Sin oscar
Mario Cid,1932,"['El vuelo de la muerte', 'Guion', '1983', '1990']","['Reparto', 'Guion', 'Dirección']",Sin oscar
Ernesto Jesús,No data,['Pueblo de madera'],['Reparto'],Sin oscar
Aleksey Maslov,1961,[''],['Reparto'],Sin oscar
Tony Denison,1949,[''],"['Reparto', 'Producción']",Sin Oscar
Billie Whitelaw,1932,[''],"['Reparto', 'Equipos adicionales', 'Banda sonora']",Ganó 2 premios BAFTA
Gia Burjanadze,No data,"['Kepler', '2017', '1991', '1989', '1995']",['Reparto'],Sin oscar
